player,team,position,fumble_lost,pass_att,pass_comp,pass_int,pass_tds,pass_yds,rcv_rec,rcv_tds,rcv_yds,rush_att,rush_tds,rush_yds,fp,overall_rank,pos_rank,is_top_player
A.J. Brown,TEN,WR,0.75,0.0,0.0,0.0,0.0,0.0,60.55,6.75,1081.25,4.25,0.7,51.8,217.06,67.0,20.0,True
A.J. Dillon,GB,RB,1.6,0.0,0.0,0.0,0.0,0.0,6.35,0.1,49.1,119.5,4.1,476.5,80.91,235.0,63.0,True
A.J. Green,CIN,WR,1.5,0.0,0.0,0.0,0.0,0.0,67.7,5.95,1004.45,0.0,0.0,1.35,200.98,86.0,34.0,True
Aaron Jones,GB,RB,1.8,0.0,0.0,0.0,0.0,0.0,40.65,2.05,342.75,203.3,10.15,890.9,233.62,55.0,13.0,True
Aaron Rodgers,GB,QB,3.2,563.8,353.4,7.1,26.05,4042.95,0.0,0.0,0.0,48.45,1.1,211.95,280.21,20.0,12.0,True
Adam Humphries,TEN,WR,0.75,0.0,0.0,0.0,0.0,0.0,43.7,2.8,453.5,1.35,0.0,6.0,104.95,189.0,79.0,True
Adam Thielen,MIN,WR,0.75,0.0,0.0,0.0,0.0,0.0,76.3,7.55,1058.45,5.45,0.7,22.4,232.39,58.0,14.0,True
Adrian Peterson,DET,RB,0.6,0.0,0.0,0.0,0.0,0.0,8.5,0.2,68.5,93.6,2.4,338.3,63.58,267.0,74.0,True
Adrian Peterson,WAS,RB,1.0,0.0,0.0,0.0,0.0,0.0,4.0,0.0,41.0,86.0,2.0,331.0,51.2,293.0,81.0,True
Alex Smith,WAS,QB,0.0,36.75,23.5,1.25,2.0,255.25,0.0,0.0,0.0,6.25,0.0,20.75,19.04,404.0,39.0,True
Alexander Mattison,MIN,RB,1.7,0.0,0.0,0.0,0.0,0.0,8.75,0.2,69.2,141.35,3.1,619.1,93.98,218.0,57.0,True
Allen Lazard,GB,WR,0.75,0.0,0.0,0.0,0.0,0.0,56.0,4.0,769.65,1.5,0.0,20.55,157.52,126.0,55.0,True
Allen Robinson,CHI,WR,0.75,0.0,0.0,0.0,0.0,0.0,85.7,6.25,1083.3,1.15,0.05,6.5,230.98,60.0,16.0,True
Alshon Jeffery,PHI,WR,0.0,0.0,0.0,0.0,0.0,0.0,35.8,3.1,446.7,0.65,0.65,0.65,103.04,197.0,84.0,True
Alvin Kamara,NO,RB,2.35,0.0,0.0,0.0,0.0,0.0,89.9,2.45,658.8,205.2,7.95,948.85,308.36,12.0,4.0,True
Amari Coope,DAL,WR,0.75,0.0,0.0,0.0,0.0,0.0,75.05,7.65,1082.5,1.35,0.0,9.35,228.64,62.0,18.0,True
Anthony McFarland,PIT,RB,0.85,0.0,0.0,0.0,0.0,0.0,16.05,0.9,131.65,41.55,1.1,172.2,56.74,281.0,76.0,True
Anthony Mille,CHI,WR,0.75,0.0,0.0,0.0,0.0,0.0,57.85,5.4,744.4,2.8,0.05,12.6,164.75,117.0,50.0,True
Antonio Gibson,WAS,RB,2.45,0.0,0.0,0.0,0.0,0.0,47.65,2.0,387.8,155.3,4.2,683.95,187.12,96.0,22.0,True
Austin Ekele,LAC,RB,1.65,0.0,0.0,0.0,0.0,0.0,64.1,4.55,669.75,162.7,4.25,718.75,252.45,34.0,8.0,True
Austin Hoope,CLE,TE,0.75,0.0,0.0,0.0,0.0,0.0,60.55,4.7,683.6,0.0,0.0,0.0,155.61,129.0,10.0,True
Baker Mayfield,CLE,QB,2.45,508.75,313.85,14.4,25.4,3893.1,0.0,0.0,0.0,34.55,1.75,152.2,263.74,26.0,17.0,True
Ben Roethlisberge,PIT,QB,1.65,551.5,357.8,16.2,24.45,3932.4,0.0,0.0,0.0,26.7,1.6,78.0,253.0,33.0,20.0,True
Benny Snell,PIT,RB,1.0,0.0,0.0,0.0,0.0,0.0,5.35,0.15,44.25,113.65,2.85,458.45,71.62,255.0,69.0,True
Bisi Johnson,MIN,WR,0.0,0.0,0.0,0.0,0.0,0.0,43.0,5.0,459.0,1.0,0.0,7.0,119.6,175.0,76.0,True
Blake Jarwin,DAL,TE,0.0,0.0,0.0,0.0,0.0,0.0,47.25,4.6,548.5,0.0,0.0,0.0,129.7,168.0,22.0,True
Boston Scott,PHI,RB,1.55,0.0,0.0,0.0,0.0,0.0,31.6,0.2,266.75,91.6,4.35,363.8,118.86,177.0,45.0,True
Brandin Cooks,HOU,WR,0.75,0.0,0.0,0.0,0.0,0.0,62.2,4.25,897.0,6.6,0.05,51.85,181.38,99.0,41.0,True
Brandon Aiyuk,SF,WR,0.75,0.0,0.0,0.0,0.0,0.0,44.9,4.05,677.95,2.4,0.05,12.8,137.07,152.0,66.0,True
Breshad Perriman,NYJ,WR,0.0,0.0,0.0,0.0,0.0,0.0,44.3,5.05,748.2,3.0,0.0,8.35,150.26,137.0,60.0,True
Brian Hill,ATL,RB,0.4,0.0,0.0,0.0,0.0,0.0,13.2,0.3,96.3,56.2,1.6,227.4,56.17,283.0,78.0,True
Bryan Edwards,LV,WR,1.5,0.0,0.0,0.0,0.0,0.0,48.85,3.2,679.45,1.55,0.0,8.75,133.87,161.0,69.0,True
Bryce Love,WAS,RB,1.55,0.0,0.0,0.0,0.0,0.0,16.0,0.75,133.7,104.65,2.55,388.7,84.94,231.0,61.0,True
C.J. Uzomah,CIN,TE,0.0,0.0,0.0,0.0,0.0,0.0,43.95,2.9,428.0,0.0,0.0,0.0,104.15,192.0,28.0,True
Calvin Ridley,ATL,WR,0.75,0.0,0.0,0.0,0.0,0.0,79.3,8.25,1035.25,2.85,0.0,27.0,233.52,56.0,13.0,True
Cam Akers,LAR,RB,2.45,0.0,0.0,0.0,0.0,0.0,32.75,1.05,295.95,184.2,6.35,699.35,171.78,108.0,27.0,True
Cam Newton,NE,QB,1.7,512.55,309.65,12.65,21.65,3460.1,0.0,0.0,0.0,117.65,3.9,449.3,277.28,21.0,13.0,True
Carlos Hyde,SEA,RB,0.95,0.0,0.0,0.0,0.0,0.0,5.95,0.1,32.05,84.6,2.05,340.6,54.22,287.0,79.0,True
Carson Wentz,PHI,QB,5.6,585.7,382.15,10.65,27.75,4098.7,0.0,0.0,0.0,55.4,1.35,200.1,281.21,19.0,11.0,True
CeeDee Lamb,DAL,WR,1.5,0.0,0.0,0.0,0.0,0.0,54.85,4.85,863.55,1.35,0.0,8.65,168.17,114.0,47.0,True
Chase Claypool,PIT,WR,0.75,0.0,0.0,0.0,0.0,0.0,34.1,2.6,457.2,1.35,0.0,5.35,94.46,217.0,95.0,True
Chase Edmonds,ARI,RB,0.75,0.0,0.0,0.0,0.0,0.0,19.8,0.9,136.45,103.2,3.9,418.25,102.57,198.0,52.0,True
Chris Carson,SEA,RB,2.7,0.0,0.0,0.0,0.0,0.0,28.1,1.15,212.35,239.75,7.9,1075.95,205.83,83.0,20.0,True
Chris Conley,JAC,WR,0.75,0.0,0.0,0.0,0.0,0.0,41.85,3.05,550.9,0.0,0.0,0.0,113.74,180.0,77.0,True
Chris Godwin,TB,WR,0.75,0.0,0.0,0.0,0.0,0.0,79.1,7.85,1188.8,1.05,0.05,5.8,244.46,41.0,7.0,True
Chris Herndon,NYJ,TE,0.0,0.0,0.0,0.0,0.0,0.0,44.0,6.0,563.0,0.0,0.0,0.0,136.3,154.0,16.0,True
Chris Herndon IV,NYJ,TE,0.0,0.0,0.0,0.0,0.0,0.0,48.8,4.6,585.1,0.0,0.0,0.0,134.91,157.0,17.0,True
Chris Thompson,JAC,RB,0.75,0.0,0.0,0.0,0.0,0.0,43.85,1.2,353.0,47.05,1.15,225.4,114.29,179.0,47.0,True
Christian Kirk,ARI,WR,0.75,0.0,0.0,0.0,0.0,0.0,71.35,4.9,824.5,6.85,0.0,63.5,188.05,94.0,39.0,True
Christian McCaffrey,CAR,RB,3.1,0.0,0.0,0.0,0.0,0.0,108.4,4.75,912.35,249.35,8.75,1132.45,387.68,1.0,1.0,True
Clyde Edwards-Helaire,KC,RB,2.6,0.0,0.0,0.0,0.0,0.0,50.2,3.55,513.95,196.65,9.1,876.7,259.97,31.0,7.0,True
Cole Beasley,BUF,WR,0.75,0.0,0.0,0.0,0.0,0.0,59.3,4.6,693.45,0.0,0.0,0.0,154.74,130.0,58.0,True
Cole Kmet,CHI,TE,0.75,0.0,0.0,0.0,0.0,0.0,32.1,2.45,329.85,0.0,0.0,0.0,78.29,240.0,39.0,True
Cooper Kupp,LAR,WR,0.75,0.0,0.0,0.0,0.0,0.0,87.15,8.9,1076.75,2.65,0.0,11.35,247.86,38.0,6.0,True
Corey Davis,TEN,WR,0.75,0.0,0.0,0.0,0.0,0.0,47.85,3.35,669.45,2.25,0.0,20.85,135.48,156.0,68.0,True
Courtland Sutton,DEN,WR,0.75,0.0,0.0,0.0,0.0,0.0,67.5,6.55,1070.7,1.4,0.0,4.45,212.82,75.0,26.0,True
Curtis Samuel,CAR,WR,0.75,0.0,0.0,0.0,0.0,0.0,43.4,4.5,519.9,18.8,1.55,140.45,144.23,144.0,64.0,True
D'Andre Swift,DET,RB,2.35,0.0,0.0,0.0,0.0,0.0,32.5,1.65,334.6,142.75,3.7,579.3,151.29,136.0,34.0,True
D.J. Chark,JAC,WR,0.75,0.0,0.0,0.0,0.0,0.0,72.75,6.5,993.35,1.0,0.0,10.85,210.67,76.0,27.0,True
D.J. Moore,CAR,WR,1.5,0.0,0.0,0.0,0.0,0.0,83.4,4.85,1216.45,7.2,0.05,73.55,238.8,49.0,10.0,True
D.K. Metcalf,SEA,WR,1.5,0.0,0.0,0.0,0.0,0.0,66.1,7.3,1002.9,1.1,0.0,6.5,207.84,81.0,31.0,True
DK Metcalf,SEA,WR,3.0,0.0,0.0,0.0,0.0,0.0,66.0,8.0,1055.0,2.0,0.0,10.0,214.5,72.0,23.0,True
Dak Prescott,DAL,QB,3.15,580.45,381.45,12.55,29.6,4628.45,0.0,0.0,0.0,64.7,4.35,277.7,338.56,5.0,3.0,True
Dallas Goedert,PHI,TE,0.75,0.0,0.0,0.0,0.0,0.0,52.8,4.75,547.3,0.0,0.0,0.0,134.53,159.0,18.0,True
Dalvin Cook,MIN,RB,2.85,0.0,0.0,0.0,0.0,0.0,55.55,1.45,498.7,268.4,10.4,1181.15,288.94,17.0,5.0,True
Damien Harris,NE,RB,1.5,0.0,0.0,0.0,0.0,0.0,7.25,0.05,63.15,119.55,3.15,407.95,70.56,256.0,70.0,True
Daniel Jones,NYG,QB,10.95,574.1,362.1,17.0,25.0,3961.7,0.0,0.0,0.0,56.7,2.75,318.0,267.87,24.0,15.0,True
Danny Amendola,DET,WR,0.75,0.0,0.0,0.0,0.0,0.0,66.15,3.55,703.95,0.65,0.0,0.0,156.35,128.0,57.0,True
Darius Slayton,NYG,WR,0.75,0.0,0.0,0.0,0.0,0.0,52.85,6.4,799.35,0.0,0.0,0.0,169.68,110.0,46.0,True
Darrel Williams,KC,RB,1.65,0.0,0.0,0.0,0.0,0.0,13.55,0.95,124.65,97.55,4.65,325.75,88.89,227.0,59.0,True
Darrell Henderson,LAR,RB,1.65,0.0,0.0,0.0,0.0,0.0,20.2,0.95,172.2,125.85,2.9,468.4,104.06,194.0,51.0,True
Darren Fells,HOU,TE,0.0,0.0,0.0,0.0,0.0,0.0,31.8,4.4,314.7,0.0,0.0,0.0,89.67,226.0,35.0,True
Darren Walle,LV,TE,0.75,0.0,0.0,0.0,0.0,0.0,77.25,4.3,957.35,0.0,0.0,0.0,197.29,87.0,4.0,True
Darrynton Evans,TEN,RB,1.65,0.0,0.0,0.0,0.0,0.0,23.25,1.0,222.35,79.05,2.15,352.65,96.35,211.0,56.0,True
Davante Adams,GB,WR,0.75,0.0,0.0,0.0,0.0,0.0,108.65,10.65,1385.65,0.0,0.0,0.0,309.62,11.0,2.0,True
David Johnson,HOU,RB,1.95,0.0,0.0,0.0,0.0,0.0,41.05,3.5,417.0,207.55,4.6,802.6,207.71,82.0,19.0,True
David Montgomery,CHI,RB,1.95,0.0,0.0,0.0,0.0,0.0,19.55,0.9,151.6,212.35,6.25,783.35,152.05,133.0,32.0,True
David Njoku,CLE,TE,0.25,0.0,0.0,0.0,0.0,0.0,36.15,3.1,406.8,0.0,0.0,0.0,94.93,214.0,32.0,True
Dawson Knox,BUF,TE,0.0,0.0,0.0,0.0,0.0,0.0,36.4,3.0,487.05,0.0,0.0,0.0,103.1,196.0,29.0,True
DeAndre Hopkins,ARI,WR,0.75,0.0,0.0,0.0,0.0,0.0,99.0,7.8,1185.75,0.75,0.0,3.25,263.2,27.0,5.0,True
DeSean Jackson,PHI,WR,0.75,0.0,0.0,0.0,0.0,0.0,49.85,5.05,766.05,5.65,0.7,29.75,162.43,122.0,53.0,True
DeVante Parke,MIA,WR,0.75,0.0,0.0,0.0,0.0,0.0,69.0,6.2,1044.45,0.2,0.0,1.3,209.28,77.0,28.0,True
Dede Westbrook,JAC,WR,0.5,0.0,0.0,0.0,0.0,0.0,54.7,2.9,591.7,3.8,0.1,28.8,133.75,162.0,70.0,True
DeeJay Dallas,SEA,RB,0.8,0.0,0.0,0.0,0.0,0.0,18.5,0.7,179.65,47.8,1.45,200.55,67.82,262.0,73.0,True
Deebo Samuel,SF,WR,0.75,0.0,0.0,0.0,0.0,0.0,53.5,3.55,739.25,14.35,1.5,173.65,173.59,105.0,44.0,True
Denzel Mims,NYJ,WR,0.75,0.0,0.0,0.0,0.0,0.0,33.75,1.95,482.4,1.35,0.0,5.35,92.72,223.0,100.0,True
Derek Ca,LV,QB,4.05,493.1,341.3,10.7,23.0,3774.05,0.0,0.0,0.0,25.0,1.65,69.6,241.02,48.0,26.0,True
Derrick Henry,TEN,RB,2.7,0.0,0.0,0.0,0.0,0.0,19.75,1.0,171.6,298.75,11.55,1534.7,260.28,30.0,6.0,True
Deshaun Watson,HOU,QB,2.4,523.05,347.65,14.45,24.95,4046.8,0.0,0.0,0.0,92.95,5.4,505.15,325.34,6.0,4.0,True
Devin Asiasi,NE,TE,0.75,0.0,0.0,0.0,0.0,0.0,36.1,2.7,361.95,0.0,0.0,0.0,87.0,228.0,36.0,True
Devin Singletary,BUF,RB,1.8,0.0,0.0,0.0,0.0,0.0,36.65,1.75,285.1,154.2,3.45,799.15,172.68,107.0,26.0,True
Devine Ozigbo,JAC,RB,1.6,0.0,0.0,0.0,0.0,0.0,22.85,0.8,196.45,111.35,2.2,433.75,100.67,205.0,54.0,True
Dion Lewis,NYG,RB,0.85,0.0,0.0,0.0,0.0,0.0,29.05,0.9,182.4,59.8,0.9,196.15,76.0,243.0,65.0,True
Diontae Johnson,PIT,WR,1.5,0.0,0.0,0.0,0.0,0.0,69.3,6.4,833.1,3.8,0.0,34.45,191.46,90.0,37.0,True
Dontrelle Inman,WAS,WR,0.0,0.0,0.0,0.0,0.0,0.0,34.5,2.7,476.2,0.0,0.0,0.0,98.32,208.0,90.0,True
Drew Brees,NO,QB,0.85,527.4,376.2,10.0,30.3,4030.1,0.0,0.0,0.0,23.0,1.55,30.8,283.08,18.0,10.0,True
Drew Lock,DEN,QB,3.5,534.25,341.45,13.9,22.9,3788.75,0.0,0.0,0.0,39.05,0.6,167.9,242.64,44.0,25.0,True
Duke Johnson,HOU,RB,0.85,0.0,0.0,0.0,0.0,0.0,35.85,2.1,317.05,95.55,1.95,459.0,136.06,155.0,40.0,True
Dwayne Haskins,WAS,QB,2.5,437.6,270.4,15.4,17.6,2975.7,0.0,0.0,0.0,27.35,0.4,118.15,183.24,98.0,31.0,True
Emmanuel Sanders,NO,WR,0.75,0.0,0.0,0.0,0.0,0.0,63.85,4.85,749.8,1.35,0.0,14.65,167.9,116.0,49.0,True
Eric Ebron,PIT,TE,0.0,0.0,0.0,0.0,0.0,0.0,46.8,4.55,517.0,0.0,0.0,0.0,125.8,172.0,23.0,True
Evan Engram,NYG,TE,0.75,0.0,0.0,0.0,0.0,0.0,68.55,5.0,804.75,0.0,0.0,0.0,177.52,101.0,6.0,True
Ezekiel Elliott,DAL,RB,3.3,0.0,0.0,0.0,0.0,0.0,66.0,2.8,530.2,287.0,9.3,1289.35,313.96,9.0,3.0,True
Frank Gore,NYJ,RB,0.75,0.0,0.0,0.0,0.0,0.0,12.15,0.15,98.65,112.0,1.95,354.05,68.52,259.0,71.0,True
Gardner Minshew,JAC,QB,6.75,555.6,343.55,11.5,22.5,3808.55,0.0,0.0,0.0,74.75,1.4,369.1,262.65,28.0,18.0,True
George Kittle,SF,TE,0.75,0.0,0.0,0.0,0.0,0.0,87.35,6.2,1135.5,0.0,0.0,0.0,236.6,52.0,2.0,True
Gerald Everett,LAR,TE,0.0,0.0,0.0,0.0,0.0,0.0,38.05,2.75,403.0,0.0,0.0,0.0,94.85,215.0,33.0,True
Giovani Bernard,CIN,RB,0.75,0.0,0.0,0.0,0.0,0.0,33.3,0.35,240.15,84.95,2.4,285.15,100.83,203.0,53.0,True
Golden Tate,NYG,WR,0.75,0.0,0.0,0.0,0.0,0.0,65.85,5.05,799.1,2.3,0.0,19.2,176.48,103.0,43.0,True
Greg Olsen,SEA,TE,0.0,0.0,0.0,0.0,0.0,0.0,38.05,3.8,465.2,0.0,0.0,0.0,107.37,188.0,27.0,True
Greg Ward,PHI,WR,0.75,0.0,0.0,0.0,0.0,0.0,38.4,2.2,435.1,2.2,0.0,10.8,94.69,216.0,94.0,True
Gus Edwards,BAL,RB,0.8,0.0,0.0,0.0,0.0,0.0,4.25,0.05,30.5,66.8,1.75,362.4,52.74,288.0,80.0,True
Hayden Hurst,ATL,TE,0.75,0.0,0.0,0.0,0.0,0.0,61.1,4.25,730.9,0.0,0.0,0.0,158.19,125.0,9.0,True
Henry Ruggs,LV,WR,1.0,0.0,0.0,0.0,0.0,0.0,55.8,4.8,778.3,3.6,0.1,24.6,163.49,120.0,52.0,True
Hunter Henry,LAC,TE,0.75,0.0,0.0,0.0,0.0,0.0,62.7,5.6,748.7,0.0,0.0,0.0,169.67,111.0,7.0,True
Hunter Renfrow,LV,WR,0.75,0.0,0.0,0.0,0.0,0.0,59.4,5.15,724.8,0.0,0.0,0.0,161.28,123.0,54.0,True
Ian Thomas,CAR,TE,0.75,0.0,0.0,0.0,0.0,0.0,56.6,3.9,547.35,0.0,0.0,0.0,133.24,164.0,21.0,True
Irv Smith,MIN,TE,0.75,0.0,0.0,0.0,0.0,0.0,47.85,2.9,463.6,0.0,0.0,0.0,110.11,183.0,24.0,True
Ito Smith,ATL,RB,0.8,0.0,0.0,0.0,0.0,0.0,26.85,0.25,173.4,83.85,3.75,308.25,97.42,209.0,55.0,True
J.K. Dobbins,BAL,RB,2.4,0.0,0.0,0.0,0.0,0.0,14.9,0.85,129.1,163.6,4.65,787.25,134.74,158.0,41.0,True
Jack Doyle,IND,TE,0.75,0.0,0.0,0.0,0.0,0.0,53.85,4.5,551.2,0.0,0.0,0.0,134.47,160.0,19.0,True
Jakeem Grant,MIA,WR,0.75,0.0,0.0,0.0,0.0,0.0,38.75,2.25,437.05,3.8,1.4,13.95,104.25,191.0,81.0,True
Jalen Hurts,PHI,QB,4.6,22.25,13.0,0.55,1.5,246.45,0.0,0.0,0.0,34.0,1.65,170.65,33.07,339.0,37.0,True
Jalen Reago,PHI,WR,1.5,0.0,0.0,0.0,0.0,0.0,45.4,3.45,646.45,1.9,0.05,9.25,128.97,169.0,73.0,True
Jalen Richard,LV,RB,2.55,0.0,0.0,0.0,0.0,0.0,33.9,0.4,304.55,82.45,1.8,352.85,107.74,187.0,50.0,True
Jamaal Williams,GB,RB,0.75,0.0,0.0,0.0,0.0,0.0,25.7,1.65,185.05,67.15,1.25,256.3,85.74,230.0,60.0,True
James Conne,PIT,RB,2.7,0.0,0.0,0.0,0.0,0.0,40.6,2.05,331.2,225.85,6.8,937.2,215.14,69.0,16.0,True
James Robinson,JAC,RB,1.6,0.0,0.0,0.0,0.0,0.0,20.25,0.75,182.1,99.8,1.85,400.95,90.96,225.0,58.0,True
James Washington,PIT,WR,0.75,0.0,0.0,0.0,0.0,0.0,36.15,2.45,550.2,0.0,0.0,0.0,104.37,190.0,80.0,True
James White,NE,RB,0.75,0.0,0.0,0.0,0.0,0.0,62.85,3.85,540.7,67.5,1.8,258.75,175.2,104.0,24.0,True
Jamison Crowde,NYJ,WR,0.75,0.0,0.0,0.0,0.0,0.0,72.7,5.9,845.1,2.0,0.0,12.65,192.38,88.0,35.0,True
Jared Cook,NO,TE,0.0,0.0,0.0,0.0,0.0,0.0,49.1,6.3,675.55,0.0,0.0,0.0,154.45,131.0,11.0,True
Jared Goff,LAR,QB,3.3,601.85,381.25,15.4,25.05,4443.9,0.0,0.0,0.0,38.75,1.05,80.2,270.28,23.0,14.0,True
Jarvis Landry,CLE,WR,0.75,0.0,0.0,0.0,0.0,0.0,72.75,5.25,994.8,1.35,0.65,25.35,208.66,78.0,29.0,True
Jerick McKinnon,SF,RB,1.6,0.0,0.0,0.0,0.0,0.0,22.1,0.8,206.5,108.35,3.5,476.95,113.05,181.0,48.0,True
Jerry Jeudy,DEN,WR,1.5,0.0,0.0,0.0,0.0,0.0,54.0,4.05,814.3,1.35,0.0,5.35,157.27,127.0,56.0,True
Jimmy Garoppolo,SF,QB,3.4,471.75,316.0,17.2,26.5,3806.0,0.0,0.0,0.0,45.1,1.15,85.0,249.64,36.0,22.0,True
Jimmy Graham,CHI,TE,0.25,0.0,0.0,0.0,0.0,0.0,43.3,2.15,456.75,0.0,0.0,0.0,101.38,200.0,30.0,True
Joe Burrow,CIN,QB,4.8,574.2,354.1,14.65,22.8,3938.25,0.0,0.0,0.0,34.6,1.4,195.0,252.38,35.0,21.0,True
Joe Mixon,CIN,RB,2.4,0.0,0.0,0.0,0.0,0.0,41.95,1.85,323.2,271.95,7.85,1148.95,242.56,45.0,11.0,True
John Brown,BUF,WR,0.75,0.0,0.0,0.0,0.0,0.0,54.0,5.7,833.7,2.85,0.05,9.6,171.33,109.0,45.0,True
John Ross,CIN,WR,0.75,0.0,0.0,0.0,0.0,0.0,30.8,4.8,448.75,4.15,0.0,11.3,104.1,193.0,82.0,True
John Wolford,LAR,QB,0.1,19.0,12.0,0.6,1.35,234.3,0.0,0.0,0.0,1.0,0.2,29.2,18.09,411.0,40.0,True
Jonathan Taylo,IND,RB,2.5,0.0,0.0,0.0,0.0,0.0,21.15,1.05,204.2,201.65,6.35,877.4,168.71,112.0,28.0,True
Jonnu Smith,TEN,TE,0.75,0.0,0.0,0.0,0.0,0.0,48.6,5.35,584.2,0.0,0.0,0.0,137.62,151.0,15.0,True
Jordan Howard,MIA,RB,1.6,0.0,0.0,0.0,0.0,0.0,17.9,0.75,130.75,177.3,6.25,687.3,138.5,150.0,39.0,True
Josh Allen,BUF,QB,3.45,533.2,310.2,15.1,22.15,3544.5,0.0,0.0,0.0,110.7,7.4,661.35,318.92,8.0,5.0,True
Josh Gordon,SEA,WR,0.0,0.0,0.0,0.0,0.0,0.0,34.0,3.0,602.0,1.0,0.0,1.0,112.3,182.0,78.0,True
Josh Jacobs,LV,RB,2.55,0.0,0.0,0.0,0.0,0.0,33.2,0.4,269.65,274.45,9.65,1265.8,241.94,46.0,12.0,True
Josh Reynolds,LAR,WR,0.0,0.0,0.0,0.0,0.0,0.0,34.7,2.9,482.7,4.35,0.05,24.4,103.11,195.0,83.0,True
Joshua Kelley,LAC,RB,1.55,0.0,0.0,0.0,0.0,0.0,5.65,0.1,49.8,126.8,4.25,492.35,82.86,233.0,62.0,True
JuJu Smith-Schuste,PIT,WR,0.75,0.0,0.0,0.0,0.0,0.0,86.3,6.05,1127.2,0.65,0.0,5.35,234.36,53.0,12.0,True
Julian Edelman,NE,WR,0.75,0.0,0.0,0.0,0.0,0.0,82.25,5.0,947.4,11.3,0.05,71.95,212.98,74.0,25.0,True
Julio Jones,ATL,WR,0.75,0.0,0.0,0.0,0.0,0.0,108.15,6.4,1505.75,1.4,0.0,3.05,295.93,15.0,3.0,True
Justin Herbert,LAC,QB,0.2,50.15,30.0,2.45,2.8,535.5,0.0,0.0,0.0,6.35,0.3,58.8,37.45,324.0,36.0,True
Justin Jackson,LAC,RB,0.8,0.0,0.0,0.0,0.0,0.0,13.4,0.1,95.2,75.45,1.7,358.1,67.93,261.0,72.0,True
Justin Jefferson,MIN,WR,0.75,0.0,0.0,0.0,0.0,0.0,48.45,4.0,731.15,1.7,0.05,10.45,145.41,141.0,63.0,True
K.J. Hamle,DEN,WR,1.0,0.0,0.0,0.0,0.0,0.0,33.0,2.0,517.0,2.0,0.0,8.0,95.5,213.0,93.0,True
Kareem Hunt,CLE,RB,1.5,0.0,0.0,0.0,0.0,0.0,40.3,2.65,378.2,119.05,5.1,518.15,173.44,106.0,25.0,True
Keelan Cole,JAC,WR,0.75,0.0,0.0,0.0,0.0,0.0,32.6,2.5,471.3,0.85,0.0,3.95,93.62,220.0,97.0,True
Keenan Allen,LAC,WR,0.75,0.0,0.0,0.0,0.0,0.0,88.25,6.05,1098.95,6.45,0.05,45.55,237.8,50.0,11.0,True
Kendrick Bourne,SF,WR,0.0,0.0,0.0,0.0,0.0,0.0,32.2,3.55,395.7,0.4,0.05,2.8,93.65,219.0,96.0,True
Kenny Golladay,DET,WR,0.75,0.0,0.0,0.0,0.0,0.0,71.25,8.45,1202.75,0.65,0.0,3.35,241.06,47.0,9.0,True
Kenny Stills,HOU,WR,0.0,0.0,0.0,0.0,0.0,0.0,32.25,3.55,474.9,0.0,0.0,0.0,101.04,202.0,87.0,True
Kenyan Drake,ARI,RB,1.85,0.0,0.0,0.0,0.0,0.0,57.35,2.6,434.35,187.6,7.7,838.55,242.74,43.0,10.0,True
Kerryon Johnson,DET,RB,1.9,0.0,0.0,0.0,0.0,0.0,28.05,1.0,233.3,138.6,4.65,612.85,142.77,146.0,36.0,True
Kirk Cousins,MIN,QB,4.65,477.95,324.45,10.6,25.45,3728.75,0.0,0.0,0.0,38.7,1.0,92.2,246.27,39.0,23.0,True
Kyle Juszczyk,SF,RB,0.5,0.0,0.0,0.0,0.0,0.0,24.1,1.4,234.3,10.5,0.2,26.1,58.74,275.0,75.0,True
Kyle Rudolph,MIN,TE,0.0,0.0,0.0,0.0,0.0,0.0,41.8,4.05,433.25,0.0,0.0,0.0,109.42,185.0,25.0,True
Kyler Murray,ARI,QB,1.95,562.15,364.85,13.9,24.8,3901.85,0.0,0.0,0.0,86.25,3.1,515.4,307.61,13.0,7.0,True
LV  Henry Ruggs,LV,WR,2.0,0.0,0.0,0.0,0.0,0.0,50.0,5.0,874.0,2.0,0.0,11.0,164.5,118.0,51.0,True
Lamar Jackson,BAL,QB,2.7,468.75,301.25,13.05,31.85,3507.5,0.0,0.0,0.0,153.9,4.9,958.45,374.5,2.0,1.0,True
Larry Fitzgerald,ARI,WR,0.75,0.0,0.0,0.0,0.0,0.0,50.9,3.7,553.4,0.0,0.0,0.0,126.94,171.0,75.0,True
Latavius Murray,NO,RB,1.5,0.0,0.0,0.0,0.0,0.0,23.7,0.25,162.1,144.35,5.3,597.5,129.96,167.0,42.0,True
Laviska Shenault,JAC,WR,1.5,0.0,0.0,0.0,0.0,0.0,42.75,2.6,623.75,18.3,0.3,122.2,131.74,165.0,71.0,True
Le'Veon Bell,NYJ,RB,2.45,0.0,0.0,0.0,0.0,0.0,60.8,1.3,457.15,218.65,4.95,798.55,218.97,65.0,15.0,True
Leonard Fournette,TB,RB,1.5,0.0,0.0,0.0,0.0,0.0,25.05,0.25,203.9,180.65,7.4,633.85,151.73,135.0,33.0,True
Logan Thomas,WAS,TE,0.5,0.0,0.0,0.0,0.0,0.0,37.35,2.15,370.65,0.0,0.0,0.0,86.32,229.0,37.0,True
Malcolm Brown,LAR,RB,0.5,0.0,0.0,0.0,0.0,0.0,9.9,1.1,83.2,98.7,3.1,381.0,80.52,238.0,64.0,True
Mark Andrews,BAL,TE,0.75,0.0,0.0,0.0,0.0,0.0,58.1,8.3,809.75,0.0,0.0,0.0,187.38,95.0,5.0,True
Mark Ingram,BAL,RB,1.8,0.0,0.0,0.0,0.0,0.0,23.2,2.5,203.35,169.35,6.05,853.9,176.62,102.0,23.0,True
Marlon Mack,IND,RB,1.6,0.0,0.0,0.0,0.0,0.0,14.35,0.25,90.25,185.7,6.4,817.4,141.82,147.0,37.0,True
Marquise Brown,BAL,WR,0.75,0.0,0.0,0.0,0.0,0.0,62.85,6.7,863.9,12.65,0.65,120.0,203.84,84.0,32.0,True
Marvin Jones,DET,WR,0.75,0.0,0.0,0.0,0.0,0.0,64.0,7.2,857.3,1.4,0.0,0.45,191.48,89.0,36.0,True
Matt Breida,MIA,RB,1.75,0.0,0.0,0.0,0.0,0.0,36.8,1.75,276.6,145.6,3.0,628.05,152.27,132.0,31.0,True
Matt Ryan,ATL,QB,4.1,637.55,426.35,15.25,28.05,4747.2,0.0,0.0,0.0,34.55,1.7,130.75,301.91,14.0,8.0,True
Matthew Stafford,DET,QB,4.05,566.95,360.75,14.0,25.65,4213.65,0.0,0.0,0.0,29.75,0.35,94.35,260.58,29.0,19.0,True
Mecole Hardman,KC,WR,1.5,0.0,0.0,0.0,0.0,0.0,35.9,5.85,603.15,6.05,0.1,25.65,131.48,166.0,72.0,True
Melvin Gordon,DEN,RB,1.7,0.0,0.0,0.0,0.0,0.0,45.15,1.8,369.3,182.95,7.5,736.55,208.14,80.0,18.0,True
Michael Gallup,DAL,WR,0.75,0.0,0.0,0.0,0.0,0.0,62.4,6.05,1044.5,0.0,0.0,0.0,201.65,85.0,33.0,True
Michael Pittman,IND,WR,0.75,0.0,0.0,0.0,0.0,0.0,46.5,3.95,670.5,2.0,0.0,8.65,136.62,153.0,67.0,True
Michael Thomas,NO,WR,0.75,0.0,0.0,0.0,0.0,0.0,132.85,9.05,1576.1,0.15,0.0,-1.05,343.16,4.0,1.0,True
Mike Davis,CAR,RB,0.75,0.0,0.0,0.0,0.0,0.0,17.45,0.05,106.6,72.6,2.7,297.7,72.88,252.0,68.0,True
Mike Evans,TB,WR,0.75,0.0,0.0,0.0,0.0,0.0,69.95,7.2,1183.45,0.25,0.0,1.55,230.15,61.0,17.0,True
Mike Gesicki,MIA,TE,1.5,0.0,0.0,0.0,0.0,0.0,57.75,4.15,639.1,0.0,0.0,0.0,143.56,145.0,14.0,True
Mike Williams,LAC,WR,0.0,0.0,0.0,0.0,0.0,0.0,42.15,4.7,724.4,4.2,0.75,18.5,149.14,139.0,61.0,True
Miles Boykin,BAL,WR,0.0,0.0,0.0,0.0,0.0,0.0,28.8,4.1,395.75,0.0,0.0,0.0,92.98,222.0,99.0,True
Miles Sanders,PHI,RB,2.55,0.0,0.0,0.0,0.0,0.0,54.9,2.7,528.1,220.9,5.0,993.0,248.11,37.0,9.0,True
Mitchell Trubisky,CHI,QB,0.85,436.9,282.45,10.6,17.2,2782.65,0.0,0.0,0.0,32.15,1.3,146.25,190.23,91.0,30.0,True
N'Keal Harry,NE,WR,0.75,0.0,0.0,0.0,0.0,0.0,46.3,5.25,576.6,8.45,0.05,61.4,140.4,148.0,65.0,True
Nelson Agholo,LV,WR,0.75,0.0,0.0,0.0,0.0,0.0,39.2,2.2,440.6,2.2,0.0,22.15,97.18,210.0,91.0,True
Nick Boyle,BAL,TE,0.0,0.0,0.0,0.0,0.0,0.0,31.4,2.85,320.3,0.0,0.0,0.0,80.53,237.0,38.0,True
Nick Chubb,CLE,RB,2.55,0.0,0.0,0.0,0.0,0.0,20.45,1.05,161.75,268.5,8.95,1294.5,220.98,64.0,14.0,True
Nick Foles,CHI,QB,0.95,114.35,73.5,3.65,5.95,991.95,0.0,0.0,0.0,5.65,0.1,16.75,60.2,272.0,35.0,True
Noah Fant,DEN,TE,0.75,0.0,0.0,0.0,0.0,0.0,51.8,4.75,714.2,0.0,0.0,0.0,150.22,138.0,12.0,True
Nyheim Hines,IND,RB,0.75,0.0,0.0,0.0,0.0,0.0,45.95,1.2,340.6,54.8,1.75,213.05,117.52,178.0,46.0,True
O.J. Howard,TB,TE,0.75,0.0,0.0,0.0,0.0,0.0,34.2,2.85,486.85,0.0,0.0,0.0,98.49,207.0,31.0,True
Odell Beckham,CLE,WR,0.75,0.0,0.0,0.0,0.0,0.0,75.35,6.2,1114.25,3.85,0.0,16.1,224.09,63.0,19.0,True
Parris Campbell,IND,WR,0.75,0.0,0.0,0.0,0.0,0.0,37.65,2.9,432.05,5.35,0.05,41.2,101.18,201.0,86.0,True
Patrick Mahomes,KC,QB,1.6,566.15,368.7,10.45,34.25,4561.5,0.0,0.0,0.0,59.8,3.4,338.0,360.01,3.0,2.0,True
Peyton Barbe,WAS,RB,0.85,0.0,0.0,0.0,0.0,0.0,8.4,0.1,50.4,71.55,1.9,266.3,50.37,297.0,83.0,True
Philip Rivers,IND,QB,2.35,531.85,329.9,12.75,25.1,3748.1,0.0,0.0,0.0,17.2,0.1,32.05,236.68,51.0,27.0,True
Phillip Lindsay,DEN,RB,1.5,0.0,0.0,0.0,0.0,0.0,38.3,0.9,256.55,150.55,4.65,668.75,161.13,124.0,30.0,True
Phillip Walke,CAR,QB,0.2,18.0,12.0,1.4,1.6,332.5,0.0,0.0,0.0,1.0,0.4,61.2,26.42,367.0,38.0,True
Preston Williams,MIA,WR,1.5,0.0,0.0,0.0,0.0,0.0,61.8,6.1,851.45,0.85,0.0,3.3,180.88,100.0,42.0,True
Raheem Mostert,SF,RB,2.1,0.0,0.0,0.0,0.0,0.0,16.3,1.0,141.4,159.0,7.6,861.05,163.94,119.0,29.0,True
Randall Cobb,HOU,WR,0.75,0.0,0.0,0.0,0.0,0.0,48.65,2.95,621.6,2.65,0.05,13.4,128.65,170.0,74.0,True
Rashaad Penny,SEA,RB,1.0,0.0,0.0,0.0,0.0,0.0,7.25,0.15,65.8,57.85,1.7,275.4,50.47,296.0,82.0,True
Rex Burkhead,NE,RB,0.75,0.0,0.0,0.0,0.0,0.0,20.55,0.35,188.1,58.55,1.9,223.35,73.69,250.0,67.0,True
Rob Gronkowski,TB,TE,0.75,0.0,0.0,0.0,0.0,0.0,48.05,3.8,760.0,0.0,0.0,0.0,145.35,142.0,13.0,True
Robby Anderson,CAR,WR,0.75,0.0,0.0,0.0,0.0,0.0,51.4,4.6,743.6,1.5,0.0,-0.09999999999999998,151.85,134.0,59.0,True
Robert Woods,LAR,WR,0.75,0.0,0.0,0.0,0.0,0.0,89.8,4.55,1132.8,16.95,0.9,100.5,244.33,42.0,8.0,True
Ronald Jones,TB,RB,1.75,0.0,0.0,0.0,0.0,0.0,25.7,0.4,224.55,154.5,5.4,651.1,144.56,143.0,35.0,True
Royce Freeman,DEN,RB,0.8,0.0,0.0,0.0,0.0,0.0,19.95,0.75,124.1,39.95,1.0,152.6,56.52,282.0,77.0,True
Russell Gage,ATL,WR,0.0,0.0,0.0,0.0,0.0,0.0,38.5,2.6,445.3,3.3,0.1,22.4,101.47,199.0,85.0,True
Russell Wilson,SEA,QB,1.8,489.6,325.0,8.7,29.3,3961.05,0.0,0.0,0.0,72.05,2.2,370.35,313.58,10.0,6.0,True
Ryan Fitzpatrick,MIA,QB,0.85,256.85,160.95,8.3,10.3,1735.9,0.0,0.0,0.0,25.5,1.6,120.3,122.27,174.0,33.0,True
Ryan Tannehill,TEN,QB,3.4,429.55,283.4,11.25,24.3,3562.4,0.0,0.0,0.0,61.2,2.75,257.95,263.94,25.0,16.0,True
Ryquell Armstead,JAC,RB,1.0,0.0,0.0,0.0,0.0,0.0,12.45,1.55,121.55,93.2,1.85,323.75,75.38,247.5,66.0,True
Sam Darnold,NYJ,QB,2.6,517.0,326.5,18.8,22.45,3628.1,0.0,0.0,0.0,42.95,1.8,124.75,234.2,54.0,28.0,True
Sammy Watkins,KC,WR,0.75,0.0,0.0,0.0,0.0,0.0,60.25,4.25,809.8,3.45,0.0,28.75,168.1,115.0,48.0,True
Saquon Barkley,NYG,RB,2.25,0.0,0.0,0.0,0.0,0.0,72.65,2.85,583.7,270.65,9.5,1237.55,324.38,7.0,2.0,True
Sony Michel,NE,RB,1.7,0.0,0.0,0.0,0.0,0.0,9.6,0.15,69.5,165.6,4.85,667.0,109.85,184.0,49.0,True
Stefon Diggs,BUF,WR,0.75,0.0,0.0,0.0,0.0,0.0,68.65,6.55,990.8,9.3,0.05,79.0,213.73,73.0,24.0,True
Sterling Shepard,NYG,WR,0.75,0.0,0.0,0.0,0.0,0.0,72.75,4.35,846.6,4.65,0.0,43.25,186.33,97.0,40.0,True
Steven Sims,WAS,WR,0.75,0.0,0.0,0.0,0.0,0.0,50.95,5.2,535.6,10.0,0.75,81.45,146.86,140.0,62.0,True
T.J. Hockenson,DET,TE,0.75,0.0,0.0,0.0,0.0,0.0,53.7,3.2,619.15,0.0,0.0,0.0,133.32,163.0,20.0,True
T.Y. Hilton,IND,WR,0.75,0.0,0.0,0.0,0.0,0.0,71.2,6.4,1073.75,0.0,0.0,0.0,215.48,68.0,21.0,True
Tarik Cohen,CHI,RB,1.7,0.0,0.0,0.0,0.0,0.0,71.05,3.35,540.35,97.9,2.0,352.4,189.02,93.0,21.0,True
Taysom Hill,NO,QB,0.06666666666666668,11.25,6.25,0.05,0.7,66.5,21.0,2.1,216.8,5.666666666666668,0.6666666666666666,57.2,70.28,258.0,34.0,True
Teddy Bridgewate,CAR,QB,0.25,582.65,370.9,13.8,22.65,4011.65,0.0,0.0,0.0,21.1,0.45,61.0,245.57,40.0,24.0,True
Tee Higgins,CIN,WR,0.0,0.0,0.0,0.0,0.0,0.0,36.2,2.8,478.2,0.0,0.0,0.0,100.82,204.0,88.0,True
Terry McLaurin,WAS,WR,0.75,0.0,0.0,0.0,0.0,0.0,70.55,6.7,1056.55,0.0,0.0,0.0,214.9,70.0,22.0,True
Tevin Coleman,SF,RB,1.5,0.0,0.0,0.0,0.0,0.0,13.5,0.95,113.35,157.75,4.85,680.25,124.66,173.0,43.0,True
Todd Gurley,ATL,RB,1.7,0.0,0.0,0.0,0.0,0.0,44.1,2.55,333.15,198.95,7.4,811.2,214.84,71.0,17.0,True
Tom Brady,TB,QB,0.95,556.25,348.35,11.75,28.8,4408.3,0.0,0.0,0.0,24.15,1.65,37.9,291.57,16.0,9.0,True
Tony Pollard,DAL,RB,1.75,0.0,0.0,0.0,0.0,0.0,26.65,1.7,192.4,105.15,2.9,495.2,119.51,176.0,44.0,True
Travis Kelce,KC,TE,0.75,0.0,0.0,0.0,0.0,0.0,97.65,7.35,1170.7,0.0,0.0,0.0,257.32,32.0,1.0,True
Tre'Quan Smith,NO,WR,0.0,0.0,0.0,0.0,0.0,0.0,27.2,4.65,380.9,0.65,0.0,2.0,93.39,221.0,98.0,True
Tua Tagovailoa,MIA,QB,2.45,353.65,224.3,11.9,15.15,2564.55,0.0,0.0,0.0,19.75,1.1,97.9,162.77,121.0,32.0,True
Tyler Boyd,CIN,WR,0.75,0.0,0.0,0.0,0.0,0.0,77.6,5.65,973.85,2.35,0.0,10.9,208.48,79.0,30.0,True
Tyler Eifert,JAC,TE,0.0,0.0,0.0,0.0,0.0,0.0,43.9,2.9,478.8,0.0,0.0,0.0,109.18,186.0,26.0,True
Tyler Higbee,LAR,TE,0.75,0.0,0.0,0.0,0.0,0.0,67.1,4.25,771.8,0.0,0.0,0.0,168.28,113.0,8.0,True
Tyler Lockett,SEA,WR,0.75,0.0,0.0,0.0,0.0,0.0,74.6,7.7,1095.7,6.7,0.05,28.35,232.01,59.0,15.0,True
Tyreek Hill,KC,WR,0.75,0.0,0.0,0.0,0.0,0.0,84.1,8.7,1232.0,13.9,0.7,86.1,270.81,22.0,4.0,True
Tyrod Taylo,LAC,QB,1.55,467.5,298.1,13.5,20.0,3366.3,0.0,0.0,0.0,54.35,1.65,251.8,233.13,57.0,29.0,True
Van Jefferson,LAR,WR,0.75,0.0,0.0,0.0,0.0,0.0,34.75,2.0,504.2,1.35,0.0,6.65,96.34,212.0,92.0,True
Vance McDonald,PIT,TE,0.5,0.0,0.0,0.0,0.0,0.0,38.8,2.65,377.05,0.0,0.0,0.0,91.4,224.0,34.0,True
Will Dissly,SEA,TE,0.0,0.0,0.0,0.0,0.0,0.0,25.0,3.25,316.85,0.0,0.0,0.0,76.18,242.0,40.0,True
Will Fulle,HOU,WR,0.75,0.0,0.0,0.0,0.0,0.0,66.4,5.1,934.05,1.35,0.05,9.0,190.1,92.0,38.0,True
Willie Snead,BAL,WR,0.75,0.0,0.0,0.0,0.0,0.0,37.15,3.3,425.85,1.35,0.0,6.0,98.64,206.0,89.0,True
Zach Ertz,PHI,TE,0.75,0.0,0.0,0.0,0.0,0.0,88.35,6.3,930.0,0.0,0.0,0.0,217.65,66.0,3.0,True
Zack Moss,BUF,RB,2.4,0.0,0.0,0.0,0.0,0.0,18.4,0.85,160.0,169.8,4.55,770.1,139.01,149.0,38.0,True
