Player,Pos,Tm,PassingYds,PassingTD,Int,PassingAtt,Cmp,RushingAtt,RushingYds,RushingTD,Rec,Tgt,ReceivingYds,ReceivingTD,FL,PPRFantasyPoints,StandardFantasyPoints,HalfPPRFantasyPoints
Patrick Mahomes,QB,KAN,443,4,0,44,30,1,-1,0,0,0,0,0,1,31.62,31.62,31.62
Jimmy Garoppolo,QB,SFO,296,3,1,25,17,4,8,0,0,0,0,0,0,22.64,22.64,22.64
Russell Wilson,QB,SEA,300,3,0,35,29,6,22,0,0,0,0,0,1,24.2,24.2,24.2
Tom Brady,QB,NWE,264,2,0,28,20,2,1,1,0,0,0,0,0,24.66,24.66,24.66
Dak Prescott,QB,DAL,269,3,1,30,26,5,69,0,0,0,0,0,0,27.66,27.66,27.66
Dante Pettis,WR,SFO,16,0,0,1,1,0,0,0,0,0,0,0,0,0.64,0.64,0.64
Jared Goff,QB,LAR,283,1,0,28,19,4,-2,1,0,0,0,0,1,19.12,19.12,19.12
Lamar Jackson,QB,BAL,272,2,0,37,24,16,120,0,0,0,0,0,0,30.88,30.88,30.88
Case Keenum,QB,WAS,221,2,0,37,26,1,-1,0,0,0,0,0,0,16.74,16.74,16.74
Jameis Winston,QB,TAM,208,1,0,25,16,4,9,0,0,0,0,0,0,13.22,13.22,13.22
Aaron Rodgers,QB,GNB,209,2,0,34,22,1,0,0,0,0,0,0,1,14.36,14.36,14.36
Josh Allen,QB,BUF,253,1,0,30,19,7,21,1,0,0,0,0,0,22.22,22.22,22.22
Luke Falk,QB,NYJ,198,0,0,25,20,0,0,0,0,0,0,0,0,7.92,7.92,7.92
Gardner Minshew,QB,JAX,213,1,0,33,23,6,56,0,0,0,0,0,1,16.12,16.12,16.12
Jacoby Brissett,QB,IND,146,3,1,28,17,7,25,0,0,0,0,0,1,16.34,16.34,16.34
Marcus Mariota,QB,TEN,154,1,0,28,19,5,32,0,0,0,0,0,0,13.36,13.36,13.36
Mason Rudolph,QB,PIT,112,2,1,19,12,1,7,0,0,0,0,0,0,11.18,11.18,11.18
Matthew Stafford,QB,DET,245,2,2,30,22,4,13,0,0,0,0,0,0,15.1,15.1,15.1
Andy Dalton,QB,CIN,311,2,1,42,26,2,2,0,0,0,0,0,0,18.64,18.64,18.64
Kyler Murray,QB,ARI,349,0,0,40,25,3,4,0,0,0,0,0,0,14.36,14.36,14.36
Baker Mayfield,QB,CLE,325,1,1,35,19,0,0,0,0,0,0,0,0,15,15,15
Joe Flacco,QB,DEN,292,1,1,50,35,0,0,0,0,0,0,0,0,13.68,13.68,13.68
Matt Ryan,QB,ATL,320,3,3,43,27,2,3,0,0,0,0,0,0,19.1,19.1,19.1
Philip Rivers,QB,LAC,293,0,1,36,21,1,12,0,0,0,0,0,0,10.92,10.92,10.92
Teddy Bridgewater,QB,NOR,165,0,0,30,17,2,5,0,0,0,0,0,0,7.1,7.1,7.1
Josh McCown,QB,PHI,24,0,0,5,3,0,0,0,0,0,0,0,0,0.96,0.96,0.96
Deshaun Watson,QB,HOU,159,0,0,29,16,4,5,1,0,0,0,0,0,12.86,12.86,12.86
Cam Newton,QB,CAR,333,0,0,51,25,2,0,0,0,0,0,0,1,11.32,11.32,11.32
Mitchell Trubisky,QB,CHI,120,0,0,27,16,1,8,0,0,0,0,0,0,5.6,5.6,5.6
Ben Roethlisberger,QB,PIT,75,0,0,15,8,0,0,0,0,0,0,0,0,3,3,3
Eli Manning,QB,NYG,250,1,2,45,26,1,2,0,0,0,0,0,0,10.2,10.2,10.2
Carson Wentz,QB,PHI,231,1,2,43,25,3,3,1,0,0,0,0,0,15.54,15.54,15.54
Derek Carr,QB,OAK,198,1,2,38,23,2,18,0,0,0,0,0,0,9.72,9.72,9.72
Trevor Siemian,QB,NYJ,3,0,0,6,3,0,0,0,0,0,0,0,0,0.12,0.12,0.12
Kirk Cousins,QB,MIN,230,1,2,32,14,2,17,0,0,0,0,0,1,8.9,8.9,8.9
Drew Brees,QB,NOR,38,0,1,5,3,0,0,0,0,0,0,0,0,-0.48,-0.48,-0.48
Josh Rosen,QB,MIA,97,0,1,18,7,0,0,0,0,0,0,0,0,1.88,1.88,1.88
Ryan Fitzpatrick,QB,MIA,89,0,3,21,11,1,6,0,0,0,0,0,0,-1.84,-1.84,-1.84
Dalvin Cook,RB,MIN,0,0,0,0,0,20,154,1,3,3,37,0,0,28.1,25.1,26.6
Matt Breida,RB,SFO,0,0,0,0,0,12,121,0,1,1,11,0,0,14.2,13.2,13.7
Aaron Jones,RB,GNB,0,0,0,0,0,23,116,1,4,6,34,0,0,25,21,23
Ezekiel Elliott,RB,DAL,0,0,0,0,0,23,111,1,2,2,9,0,0,20,18,19
Saquon Barkley,RB,NYG,0,0,0,0,0,18,107,1,3,7,28,0,0,22.5,19.5,21
Josh Jacobs,RB,OAK,0,0,0,0,0,12,99,0,0,0,0,0,0,9.9,9.9,9.9
Carlos Hyde,RB,HOU,0,0,0,0,0,20,90,0,0,0,0,0,0,9,9,9
Sony Michel,RB,NWE,0,0,0,0,0,21,83,1,0,0,0,0,1,12.3,12.3,12.3
Raheem Mostert,RB,SFO,0,0,0,0,0,13,83,0,3,4,68,1,0,24.1,21.1,22.6
Peyton Barber,RB,TAM,0,0,0,0,0,23,82,1,1,1,7,0,0,15.9,14.9,15.4
Derrick Henry,RB,TEN,0,0,0,0,0,15,82,1,2,3,12,0,0,17.4,15.4,16.4
Jordan Wilkins,RB,IND,0,0,0,0,0,5,82,0,1,1,4,0,0,9.6,8.6,9.1
Le'Veon Bell,RB,NYJ,0,0,0,0,0,21,68,0,10,10,61,0,1,20.9,10.9,15.9
Frank Gore,RB,BUF,0,0,0,0,0,19,68,1,2,2,15,0,0,16.3,14.3,15.3
Austin Ekeler,RB,LAC,0,0,0,0,0,17,66,1,6,6,67,0,1,23.3,17.3,20.3
Todd Gurley,RB,LAR,0,0,0,0,0,16,63,1,3,4,4,0,0,15.7,12.7,14.2
Nick Chubb,RB,CLE,0,0,0,0,0,18,62,1,4,4,36,0,0,19.8,15.8,17.8
David Montgomery,RB,CHI,0,0,0,0,0,18,62,1,1,3,6,0,0,13.8,12.8,13.3
Rashaad Penny,RB,SEA,0,0,0,0,0,10,62,1,1,1,3,0,0,13.5,12.5,13
Chris Carson,RB,SEA,0,0,0,0,0,15,60,0,3,3,27,0,1,9.7,6.7,8.2
Justin Jackson,RB,LAC,0,0,0,0,0,7,59,0,1,1,5,0,0,7.4,6.4,6.9
Devin Singletary,RB,BUF,0,0,0,0,0,6,57,1,0,0,0,0,0,11.7,11.7,11.7
Royce Freeman,RB,DEN,0,0,0,0,0,11,54,0,5,7,48,0,0,15.2,10.2,12.7
Marlon Mack,RB,IND,0,0,0,0,0,20,51,0,2,3,12,0,0,8.3,6.3,7.3
Cordarrelle Patterson,WR,CHI,0,0,0,0,0,2,50,0,0,0,0,0,0,5,5,5
Leonard Fournette,RB,JAX,0,0,0,0,0,15,47,0,4,6,40,0,0,12.7,8.7,10.7
Mark Ingram,RB,BAL,0,0,0,0,0,13,47,0,2,2,30,0,0,9.7,7.7,8.7
Alvin Kamara,RB,NOR,0,0,0,0,0,13,45,0,1,3,15,0,0,7,6,6.5
Kerryon Johnson,RB,DET,0,0,0,0,0,12,41,0,2,3,47,1,0,16.8,14.8,15.8
Malcolm Brown,RB,LAR,0,0,0,0,0,6,37,0,1,1,10,0,0,5.7,4.7,5.2
Christian McCaffrey,RB,CAR,0,0,0,0,0,16,37,0,2,6,16,0,0,7.3,5.3,6.3
Phillip Lindsay,RB,DEN,0,0,0,0,0,13,36,0,4,7,30,0,0,10.6,6.6,8.6
Jeff Wilson,RB,SFO,0,0,0,0,0,10,34,2,0,0,0,0,0,15.4,15.4,15.4
James Conner,RB,PIT,0,0,0,0,0,11,33,1,3,4,12,0,0,13.5,10.5,12
Ito Smith,RB,ATL,0,0,0,0,0,4,32,0,2,3,13,0,0,6.5,4.5,5.5
Duke Johnson,RB,HOU,0,0,0,0,0,6,31,0,0,0,0,0,0,3.1,3.1,3.1
Ty Johnson,RB,DET,0,0,0,0,0,5,30,0,2,2,6,0,0,5.6,3.6,4.6
Miles Sanders,RB,PHI,0,0,0,0,0,10,28,0,3,4,9,0,0,6.7,3.7,5.2
Jamaal Williams,RB,GNB,0,0,0,0,0,9,28,0,3,4,13,1,0,13.1,10.1,11.6
Alexander Mattison,RB,MIN,0,0,0,0,0,4,25,0,0,0,0,0,0,2.5,2.5,2.5
Ty Montgomery,RB,NYJ,0,0,0,0,0,3,25,0,3,3,15,0,0,7,4,5.5
Adrian Peterson,RB,WAS,0,0,0,0,0,10,25,1,2,2,7,0,0,11.2,9.2,10.2
LeSean McCoy,RB,KAN,0,0,0,0,0,11,23,0,3,3,0,0,0,5.3,2.3,3.8
Benny Snell,RB,PIT,0,0,0,0,0,1,23,0,0,0,0,0,0,2.3,2.3,2.3
Devonta Freeman,RB,ATL,0,0,0,0,0,11,22,0,3,4,42,0,0,9.4,6.4,7.9
Tony Pollard,RB,DAL,0,0,0,0,0,4,22,0,1,1,3,0,0,3.5,2.5,3
Rex Burkhead,RB,NWE,0,0,0,0,0,5,21,0,2,2,47,0,0,8.8,6.8,7.8
Bennie Fowler,WR,NYG,0,0,0,0,0,1,20,0,5,10,51,0,0,12.1,7.1,9.6
Kenyan Drake,RB,MIA,0,0,0,0,0,6,19,0,5,6,29,0,0,9.8,4.8,7.3
Tarik Cohen,RB,CHI,0,0,0,0,0,4,18,0,2,5,7,0,0,4.5,2.5,3.5
Jordan Howard,RB,PHI,0,0,0,0,0,8,18,0,1,1,8,0,0,3.6,2.6,3.1
Jaylen Samuels,RB,PIT,0,0,0,0,0,3,18,0,1,1,13,0,0,4.1,3.1,3.6
Joe Mixon,RB,CIN,0,0,0,0,0,11,17,0,3,5,10,0,0,5.7,2.7,4.2
Steven Sims,WR,WAS,0,0,0,0,0,3,16,0,1,1,3,0,0,2.9,1.9,2.4
Mark Walton,RB,MIA,0,0,0,0,0,3,15,0,1,2,12,0,0,3.7,2.7,3.2
Taylor Gabriel,WR,CHI,0,0,0,0,0,1,14,0,1,2,11,0,0,3.5,2.5,3
David Johnson,RB,ARI,0,0,0,0,0,7,14,1,1,1,0,0,0,8.4,7.4,7.9
Randall Cobb,WR,DAL,0,0,0,0,0,2,11,0,5,6,24,0,0,8.5,3.5,6
Gus Edwards,RB,BAL,0,0,0,0,0,3,11,0,0,0,0,0,0,1.1,1.1,1.1
James White,RB,NWE,0,0,0,0,0,3,10,0,3,4,19,1,0,11.9,8.9,10.4
Nyheim Hines,RB,IND,0,0,0,0,0,2,9,0,1,2,5,0,0,2.4,1.4,1.9
Ronald Jones,RB,TAM,0,0,0,0,0,4,9,0,0,0,0,0,0,0.9,0.9,0.9
Dion Lewis,RB,TEN,0,0,0,0,0,3,9,0,1,1,5,0,0,2.4,1.4,1.9
DeAndre Washington,RB,OAK,0,0,0,0,0,3,9,0,2,2,26,0,0,5.5,3.5,4.5
Robert Woods,WR,LAR,0,0,0,0,0,1,9,0,2,2,33,0,0,6.2,4.2,5.2
C.J. Anderson,RB,DET,0,0,0,0,0,5,8,0,0,0,0,0,0,0.8,0.8,0.8
D'Ernest Johnson,RB,CLE,0,0,0,0,0,3,8,0,3,4,42,0,0,8,5,6.5
Damien Williams,RB,KAN,0,0,0,0,0,9,8,0,3,5,48,0,0,8.6,5.6,7.1
Latavius Murray,RB,NOR,0,0,0,0,0,5,7,0,1,1,16,0,0,3.3,2.3,2.8
C.J. Prosise,RB,SEA,0,0,0,0,0,2,7,0,3,3,13,0,0,5,2,3.5
Deebo Samuel,WR,SFO,0,0,0,0,0,2,7,0,5,7,86,1,0,20.3,15.3,17.8
Kalen Ballage,RB,MIA,0,0,0,0,0,4,6,0,1,5,6,0,0,2.2,1.2,1.7
Giovani Bernard,RB,CIN,0,0,0,0,0,6,6,0,1,3,7,0,0,2.3,1.3,1.8
Kyle Juszczyk,RB,SFO,0,0,0,0,0,1,6,0,1,2,5,0,0,2.1,1.1,1.6
Cooper Kupp,WR,LAR,0,0,0,0,0,1,6,0,5,9,120,0,0,17.6,12.6,15.1
Antonio Brown,WR,NWE,0,0,0,0,0,1,5,0,4,8,56,1,0,16.1,12.1,14.1
Justice Hill,RB,BAL,0,0,0,0,0,1,4,0,1,2,10,0,0,2.4,1.4,1.9
Isaiah McKenzie,WR,BUF,0,0,0,0,0,1,4,0,2,2,40,1,0,12.4,10.4,11.4
Wendell Smallwood,RB,WAS,0,0,0,0,0,1,4,0,2,2,9,0,0,3.3,1.3,2.3
James Develin,FB,NWE,0,0,0,0,0,2,3,0,0,0,0,0,0,0.3,0.3,0.3
Jalen Richard,RB,OAK,0,0,0,0,0,2,3,0,2,3,2,0,0,2.5,0.5,1.5
Chris Thompson,RB,WAS,0,0,0,0,0,2,3,0,5,8,48,0,0,10.1,5.1,7.6
Ameer Abdullah,RB,MIN,0,0,0,0,0,1,2,0,0,0,0,0,0,0.2,0.2,0.2
Brandin Cooks,WR,LAR,0,0,0,0,0,1,2,0,3,4,74,1,0,16.6,13.6,15.1
Chase Edmonds,RB,ARI,0,0,0,0,0,1,2,0,2,2,15,0,0,3.7,1.7,2.7
J.D. McKissic,RB,DET,0,0,0,0,0,2,2,0,0,0,0,0,0,0.2,0.2,0.2
Curtis Samuel,WR,CAR,0,0,0,0,0,1,2,0,5,13,91,0,0,14.3,9.3,11.8
Mike Davis,RB,CHI,0,0,0,0,0,3,1,0,0,0,0,0,0,0.1,0.1,0.1
Patrick DiMarco,FB,BUF,0,0,0,0,0,1,1,0,1,1,3,0,0,1.4,0.4,0.9
Julian Edelman,WR,NWE,0,0,0,0,0,1,1,0,4,4,51,0,0,9.2,5.2,7.2
Adam Humphries,WR,TEN,0,0,0,0,0,1,1,0,2,2,-1,0,0,2,0,1
Darwin Thompson,RB,KAN,0,0,0,0,0,1,1,0,0,0,0,0,0,0.1,0.1,0.1
Gerald Everett,TE,LAR,0,0,0,0,0,1,0,0,3,4,21,0,0,5.1,2.1,3.6
Jakeem Grant,WR,MIA,0,0,0,0,0,1,-4,0,3,7,22,0,0,4.8,1.8,3.3
Demarcus Robinson,WR,KAN,0,0,0,0,0,0,0,0,6,6,172,2,0,35.2,29.2,32.2
Odell Beckham,WR,CLE,0,0,0,0,0,0,0,0,6,10,161,1,0,28.1,22.1,25.1
Tyler Boyd,WR,CIN,0,0,0,0,0,0,0,0,10,10,122,0,0,22.2,12.2,17.2
Chris Godwin,WR,TAM,0,0,0,0,0,0,0,0,8,9,121,1,0,26.1,18.1,22.1
Kenny Golladay,WR,DET,0,0,0,0,0,0,0,0,8,10,117,1,0,25.7,17.7,21.7
Christian Kirk,WR,ARI,0,0,0,0,0,0,0,0,6,8,114,0,0,17.4,11.4,14.4
Mark Andrews,TE,BAL,0,0,0,0,0,0,0,0,8,9,112,1,0,25.2,17.2,21.2
John Ross,WR,CIN,0,0,0,0,0,0,0,0,4,8,112,1,0,21.2,17.2,19.2
Greg Olsen,TE,CAR,0,0,0,0,0,0,0,0,6,9,110,0,0,17,11,14
Nelson Agholor,WR,PHI,0,0,0,0,0,0,0,0,8,11,107,1,0,24.7,16.7,20.7
Travis Kelce,TE,KAN,0,0,0,0,0,0,0,0,7,9,107,1,0,23.7,16.7,20.2
Davante Adams,WR,GNB,0,0,0,0,0,0,0,0,7,9,106,0,0,17.6,10.6,14.1
Julio Jones,WR,ATL,0,0,0,0,0,0,0,0,5,10,106,2,0,27.6,22.6,25.1
Calvin Ridley,WR,ATL,0,0,0,0,0,0,0,0,8,10,105,1,0,24.5,16.5,20.5
Larry Fitzgerald,WR,ARI,0,0,0,0,0,0,0,0,5,11,104,0,0,15.4,10.4,12.9
Keenan Allen,WR,LAC,0,0,0,0,0,0,0,0,8,15,98,0,0,17.8,9.8,13.8
Emmanuel Sanders,WR,DEN,0,0,0,0,0,0,0,0,11,13,98,1,0,26.8,15.8,21.3
D.J. Moore,WR,CAR,0,0,0,0,0,0,0,0,9,14,89,0,0,17.9,8.9,13.4
Michael Thomas,WR,NOR,0,0,0,0,0,0,0,0,10,13,89,0,0,18.9,8.9,13.9
Marquise Brown,WR,BAL,0,0,0,0,0,0,0,0,8,13,86,0,0,16.6,8.6,12.6
JuJu Smith-Schuster,WR,PIT,0,0,0,0,0,0,0,0,5,8,84,0,0,13.4,8.4,10.9
Cole Beasley,WR,BUF,0,0,0,0,0,0,0,0,4,4,83,0,0,12.3,8.3,10.3
Mike Williams,WR,LAC,0,0,0,0,0,0,0,0,3,5,83,0,0,11.3,8.3,9.8
Robby Anderson,WR,NYJ,0,0,0,0,0,0,0,0,4,6,81,0,0,12.1,8.1,10.1
Tyler Lockett,WR,SEA,0,0,0,0,0,0,0,0,10,12,79,0,0,17.9,7.9,12.9
Marquise Goodwin,WR,SFO,0,0,0,0,0,0,0,0,3,3,77,1,0,16.7,13.7,15.2
Adam Thielen,WR,MIN,0,0,0,0,0,0,0,0,5,8,75,0,0,12.5,7.5,10
Devin Smith,WR,DAL,0,0,0,0,0,0,0,0,3,3,74,1,0,16.4,13.4,14.9
Chris Conley,WR,JAX,0,0,0,0,0,0,0,0,4,5,73,0,0,11.3,7.3,9.3
John Brown,WR,BUF,0,0,0,0,0,0,0,0,7,8,72,0,0,14.2,7.2,10.7
Zach Ertz,TE,PHI,0,0,0,0,0,0,0,0,8,16,72,0,0,15.2,7.2,11.2
Michael Gallup,WR,DAL,0,0,0,0,0,0,0,0,6,8,68,0,0,12.8,6.8,9.8
Darren Waller,TE,OAK,0,0,0,0,0,0,0,0,6,7,63,0,0,12.3,6.3,9.3
Preston Williams,WR,MIA,0,0,0,0,0,0,0,0,4,6,63,0,0,10.3,6.3,8.3
Terry McLaurin,WR,WAS,0,0,0,0,0,0,0,0,5,9,62,1,0,17.2,12.2,14.7
Chad Beebe,WR,MIN,0,0,0,0,0,0,0,0,1,1,61,0,0,7.1,6.1,6.6
Mike Evans,WR,TAM,0,0,0,0,0,0,0,0,4,8,61,0,0,10.1,6.1,8.1
Mecole Hardman,WR,KAN,0,0,0,0,0,0,0,0,4,6,61,1,0,16.1,12.1,14.1
D.K. Metcalf,WR,SEA,0,0,0,0,0,0,0,0,3,7,61,1,0,15.1,12.1,13.6
DJ Chark,WR,JAX,0,0,0,0,0,0,0,0,7,9,55,1,0,18.5,11.5,15
George Kittle,TE,SFO,0,0,0,0,0,0,0,0,3,3,54,0,0,8.4,5.4,6.9
Malik Turner,WR,SEA,0,0,0,0,0,0,0,0,3,3,54,0,0,8.4,5.4,6.9
Will Dissly,TE,SEA,0,0,0,0,0,0,0,0,5,5,50,2,0,22,17,19.5
Mack Hollins,WR,PHI,0,0,0,0,0,0,0,0,5,8,50,0,0,10,5,7.5
Damion Ratley,WR,CLE,0,0,0,0,0,0,0,0,2,3,50,0,0,7,5,6
Stefon Diggs,WR,MIN,0,0,0,0,0,0,0,0,1,7,49,1,1,9.9,8.9,9.4
Tre'Quan Smith,WR,NOR,0,0,0,0,0,0,0,0,3,3,49,0,0,7.9,4.9,6.4
Sammy Watkins,WR,KAN,0,0,0,0,0,0,0,0,6,13,49,0,0,10.9,4.9,7.9
Evan Engram,TE,NYG,0,0,0,0,0,0,0,0,6,8,48,0,0,10.8,4.8,7.8
Tyrell Williams,WR,OAK,0,0,0,0,0,0,0,0,5,7,46,1,0,15.6,10.6,13.1
Damiere Byrd,WR,ARI,0,0,0,0,0,0,0,0,6,7,45,0,0,10.5,4.5,7.5
Amari Cooper,WR,DAL,0,0,0,0,0,0,0,0,4,5,44,1,0,14.4,10.4,12.4
T.Y. Hilton,WR,IND,0,0,0,0,0,0,0,0,4,6,43,1,0,14.3,10.3,12.3
Marvin Jones,WR,DET,0,0,0,0,0,0,0,0,5,6,43,0,0,9.3,4.3,6.8
Allen Robinson,WR,CHI,0,0,0,0,0,0,0,0,4,7,41,0,0,8.1,4.1,6.1
Jamison Crowder,WR,NYJ,0,0,0,0,0,0,0,0,4,6,40,0,0,8,4,6
Will Fuller,WR,HOU,0,0,0,0,0,0,0,0,4,7,40,0,0,8,4,6
DeAndre Hopkins,WR,HOU,0,0,0,0,0,0,0,0,5,8,40,0,0,9,4,6.5
Courtland Sutton,WR,DEN,0,0,0,0,0,0,0,0,4,7,40,0,0,8,4,6
Phillip Dorsett,WR,NWE,0,0,0,0,0,0,0,0,3,3,39,0,0,6.9,3.9,5.4
Delanie Walker,TE,TEN,0,0,0,0,0,0,0,0,4,6,39,0,0,7.9,3.9,5.9
Corey Davis,WR,TEN,0,0,0,0,0,0,0,0,3,5,38,0,0,6.8,3.8,5.3
T.J. Jones,WR,NYG,0,0,0,0,0,0,0,0,3,4,38,1,0,12.8,9.8,11.3
Vance McDonald,TE,PIT,0,0,0,0,0,0,0,0,7,7,38,2,0,22.8,15.8,19.3
Kenny Stills,WR,HOU,0,0,0,0,0,0,0,0,2,3,38,0,0,5.8,3.8,4.8
Trey Quinn,WR,WAS,0,0,0,0,0,0,0,0,4,7,36,0,0,7.6,3.6,5.6
Austin Hooper,TE,ATL,0,0,0,0,0,0,0,0,4,6,34,0,0,7.4,3.4,5.4
Derek Carrier,TE,OAK,0,0,0,0,0,0,0,0,3,5,33,0,0,6.3,3.3,4.8
Noah Fant,TE,DEN,0,0,0,0,0,0,0,0,4,4,33,0,0,7.3,3.3,5.3
Matt LaCosse,TE,NWE,0,0,0,0,0,0,0,0,2,2,33,0,0,5.3,3.3,4.3
Jarvis Landry,WR,CLE,0,0,0,0,0,0,0,0,3,7,32,0,0,6.2,3.2,4.7
KeeSean Johnson,WR,ARI,0,0,0,0,0,0,0,0,1,2,31,0,0,4.1,3.1,3.6
Cody Latimer,WR,NYG,0,0,0,0,0,0,0,0,3,5,30,0,0,6,3,4.5
Hunter Renfrow,WR,OAK,0,0,0,0,0,0,0,0,4,8,30,0,0,7,3,5
Vernon Davis,TE,WAS,0,0,0,0,0,0,0,0,3,4,29,0,0,5.9,2.9,4.4
Cody Core,WR,NYG,0,0,0,0,0,0,0,0,3,5,28,0,0,5.8,2.8,4.3
Dontrelle Inman,WR,LAC,0,0,0,0,0,0,0,0,1,2,28,0,0,3.8,2.8,3.3
James O'Shaughnessy,TE,JAX,0,0,0,0,0,0,0,0,4,4,28,0,0,6.8,2.8,4.8
Jordan Akins,TE,HOU,0,0,0,0,0,0,0,0,2,3,25,0,0,4.5,2.5,3.5
Geronimo Allison,WR,GNB,0,0,0,0,0,0,0,0,4,4,25,1,1,10.5,6.5,8.5
A.J. Brown,WR,TEN,0,0,0,0,0,0,0,0,3,5,25,0,0,5.5,2.5,4
Jared Cook,TE,NOR,0,0,0,0,0,0,0,0,2,7,25,0,0,4.5,2.5,3.5
Eric Ebron,TE,IND,0,0,0,0,0,0,0,0,3,4,25,1,0,11.5,8.5,10
Drew Sample,TE,CIN,0,0,0,0,0,0,0,0,2,3,25,0,0,4.5,2.5,3.5
Jason Witten,TE,DAL,0,0,0,0,0,0,0,0,4,4,25,1,0,12.5,8.5,10.5
Ben Braunecker,TE,CHI,0,0,0,0,0,0,0,0,2,3,24,0,0,4.4,2.4,3.4
Chester Rogers,WR,IND,0,0,0,0,0,0,0,0,3,4,24,0,0,5.4,2.4,3.9
Adam Shaheen,TE,CHI,0,0,0,0,0,0,0,0,3,3,24,0,0,5.4,2.4,3.9
Tajae Sharpe,WR,TEN,0,0,0,0,0,0,0,0,2,2,24,0,0,4.4,2.4,3.4
Durham Smythe,TE,MIA,0,0,0,0,0,0,0,0,1,1,24,0,0,3.4,2.4,2.9
James Washington,WR,PIT,0,0,0,0,0,0,0,0,2,3,23,0,0,4.3,2.3,3.3
Blake Jarwin,TE,DAL,0,0,0,0,0,0,0,0,1,1,22,0,0,3.2,2.2,2.7
Jack Doyle,TE,IND,0,0,0,0,0,0,0,0,2,3,21,0,0,4.1,2.1,3.1
Jeff Heuerman,TE,DEN,0,0,0,0,0,0,0,0,4,5,21,0,0,6.1,2.1,4.1
Tyler Higbee,TE,LAR,0,0,0,0,0,0,0,0,2,3,21,0,0,4.1,2.1,3.1
Maxx Williams,TE,ARI,0,0,0,0,0,0,0,0,1,1,21,0,0,3.1,2.1,2.6
Josh Gordon,WR,NWE,0,0,0,0,0,0,0,0,2,5,19,0,0,3.9,1.9,2.9
Russell Shepard,WR,NYG,0,0,0,0,0,0,0,0,2,3,19,0,0,3.9,1.9,2.9
Marquez Valdes-Scantling,WR,GNB,0,0,0,0,0,0,0,0,3,5,19,0,0,4.9,1.9,3.4
Jesse James,TE,DET,0,0,0,0,0,0,0,0,3,4,18,0,0,4.8,1.8,3.3
Dawson Knox,TE,BUF,0,0,0,0,0,0,0,0,1,4,18,0,0,2.8,1.8,2.3
Diontae Johnson,WR,PIT,0,0,0,0,0,0,0,0,1,4,17,0,0,2.7,1.7,2.2
Taysom Hill,QB,NOR,0,0,0,0,0,0,0,0,2,3,16,0,0,3.6,1.6,2.6
Paul Richardson,WR,WAS,0,0,0,0,0,0,0,0,3,3,16,1,0,10.6,7.6,9.1
Mohamed Sanu,WR,ATL,0,0,0,0,0,0,0,0,4,7,16,0,0,5.6,1.6,3.6
DaeSean Hamilton,WR,DEN,0,0,0,0,0,0,0,0,2,6,15,0,0,3.5,1.5,2.5
Jarius Wright,WR,CAR,0,0,0,0,0,0,0,0,2,6,15,0,0,3.5,1.5,2.5
Nick Boyle,TE,BAL,0,0,0,0,0,0,0,0,1,3,14,0,0,2.4,1.4,1.9
Alex Erickson,WR,CIN,0,0,0,0,0,0,0,0,1,3,14,0,0,2.4,1.4,1.9
Zay Jones,WR,BUF,0,0,0,0,0,0,0,0,1,3,14,0,0,2.4,1.4,1.9
Geoff Swaim,TE,JAX,0,0,0,0,0,0,0,0,3,4,14,0,0,4.4,1.4,2.9
Michael Crabtree,WR,ARI,0,0,0,0,0,0,0,0,2,3,13,0,0,3.3,1.3,2.3
Allen Hurns,WR,MIA,0,0,0,0,0,0,0,0,1,2,13,0,0,2.3,1.3,1.8
Nick Vannett,TE,SEA,0,0,0,0,0,0,0,0,1,1,13,0,0,2.3,1.3,1.8
Parris Campbell,WR,IND,0,0,0,0,0,0,0,0,1,1,12,1,0,8.2,7.2,7.7
Chris Hogan,WR,CAR,0,0,0,0,0,0,0,0,1,1,12,0,0,2.2,1.2,1.7
Jake Kumerow,WR,GNB,0,0,0,0,0,0,0,0,1,1,12,0,0,2.2,1.2,1.7
Miles Boykin,WR,BAL,0,0,0,0,0,0,0,0,1,3,11,0,0,2.1,1.1,1.6
Mike Gesicki,TE,MIA,0,0,0,0,0,0,0,0,1,2,11,0,0,2.1,1.1,1.6
Darius Jennings,WR,TEN,0,0,0,0,0,0,0,0,1,1,11,0,0,2.1,1.1,1.6
Jeremy Sprinkle,TE,WAS,0,0,0,0,0,0,0,0,1,1,11,0,0,2.1,1.1,1.6
Cameron Brate,TE,TAM,0,0,0,0,0,0,0,0,2,2,10,0,0,3,1,2
Tyler Eifert,TE,CIN,0,0,0,0,0,0,0,0,3,5,9,1,0,9.9,6.9,8.4
Darren Fells,TE,HOU,0,0,0,0,0,0,0,0,1,3,9,0,0,1.9,0.9,1.4
Virgil Green,TE,LAC,0,0,0,0,0,0,0,0,1,2,9,0,0,1.9,0.9,1.4
Dare Ogunbowale,RB,TAM,0,0,0,0,0,0,0,0,1,1,9,0,0,1.9,0.9,1.4
Kyle Rudolph,TE,MIN,0,0,0,0,0,0,0,0,3,4,9,0,0,3.9,0.9,2.4
Rhett Ellison,TE,NYG,0,0,0,0,0,0,0,0,1,1,8,0,0,1.8,0.8,1.3
Lee Smith,TE,BUF,0,0,0,0,0,0,0,0,1,1,8,0,0,1.8,0.8,1.3
Keke Coutee,WR,HOU,0,0,0,0,0,0,0,0,2,4,7,0,0,2.7,0.7,1.7
Troy Fumagalli,TE,DEN,0,0,0,0,0,0,0,0,1,1,7,0,0,1.7,0.7,1.2
T.J. Hockenson,TE,DET,0,0,0,0,0,0,0,0,1,3,7,0,0,1.7,0.7,1.2
Richie James,WR,SFO,0,0,0,0,0,0,0,0,1,4,7,0,0,1.7,0.7,1.2
Logan Thomas,TE,DET,0,0,0,0,0,0,0,0,1,1,7,0,0,1.7,0.7,1.2
Charles Clay,TE,ARI,0,0,0,0,0,0,0,0,1,2,6,0,0,1.6,0.6,1.1
Nick O'Leary,TE,MIA,0,0,0,0,0,0,0,0,1,1,6,0,0,1.6,0.6,1.1
Auden Tate,WR,CIN,0,0,0,0,0,0,0,0,1,2,6,0,0,1.6,0.6,1.1
De'Anthony Thomas,WR,KAN,0,0,0,0,0,0,0,0,1,1,6,0,0,1.6,0.6,1.1
Damion Willis,WR,CIN,0,0,0,0,0,0,0,0,1,3,6,0,0,1.6,0.6,1.1
Josh Bellamy,WR,NYJ,0,0,0,0,0,0,0,0,1,2,5,0,0,1.5,0.5,1
Trey Burton,TE,CHI,0,0,0,0,0,0,0,0,2,3,5,0,0,2.5,0.5,1.5
Willie Snead,WR/RS,BAL,0,0,0,0,0,0,0,0,1,1,5,0,0,1.5,0.5,1
Darren Sproles,RB,PHI,0,0,0,0,0,0,0,0,2,3,5,0,0,2.5,0.5,1.5
JJ Arcega-Whiteside,WR,PHI,0,0,0,0,0,0,0,0,1,4,4,0,0,1.4,0.4,0.9
Kendrick Bourne,WR,SFO,0,0,0,0,0,0,0,0,1,2,4,0,0,1.4,0.4,0.9
Demetrius Harris,TE,CLE,0,0,0,0,0,0,0,0,1,1,4,0,0,1.4,0.4,0.9
Luke Stocker,TE,ATL,0,0,0,0,0,0,0,0,1,1,4,0,0,1.4,0.4,0.9
Patrick Ricard,FB/DL,BAL,0,0,0,0,0,0,0,0,1,1,3,0,0,1.3,0.3,0.8
Derek Watt,FB,LAC,0,0,0,0,0,0,0,0,1,2,3,0,0,1.3,0.3,0.8
Dede Westbrook,WR,JAX,0,0,0,0,0,0,0,0,1,5,3,0,0,1.3,0.3,0.8
Anthony Miller,WR,CHI,0,0,0,0,0,0,0,0,1,1,2,0,0,1.2,0.2,0.7
Hayden Hurst,TE,BAL,0,0,0,0,0,0,0,0,1,1,1,1,0,7.1,6.1,6.6
David Quessenberry,OL,TEN,0,0,0,0,0,0,0,0,1,1,1,1,0,7.1,6.1,6.6
Ryan Switzer,WR,PIT,0,0,0,0,0,0,0,0,1,4,0,0,0,1,0,0.5
Irv Smith,TE,MIN,0,0,0,0,0,0,0,0,1,2,-1,0,0,0.9,-0.1,0.4
Demaryius Thomas,WR,NYJ,0,0,0,0,0,0,0,0,1,2,-1,0,0,0.9,-0.1,0.4
Ryan Grant,WR,OAK,0,0,0,0,0,0,0,0,1,5,-2,0,0,0.8,-0.2,0.3
Deonte Harris,WR/RS,NOR,0,0,0,0,0,0,0,0,1,1,-7,0,0,0.3,-0.7,-0.2
Ray-Ray McCloud,WR,CAR,0,0,0,0,0,0,0,0,0,0,0,0,0,0,0,0
Matt Skura,G/C,BAL,0,0,0,0,0,0,0,0,0,0,0,0,0,0,0,0
Corey Clement,RB,PHI,0,0,0,0,0,0,0,0,0,0,0,0,1,-2,-2,-2
Bobo Wilson,WR,TAM,0,0,0,0,0,0,0,0,0,0,0,0,0,0,0,0