fumble_lost,pass_att,pass_comp,pass_int,pass_tds,pass_yds,player,position,rcv_rec,rcv_tds,rcv_yds,rush_att,rush_tds,rush_yds,team,source,pname_merge
2.2,,,,,,Christian McCaffrey,RB,102.8,4.5,855.7,252.7,8.5,1130.9,CAR,FantasyPros,christianmccaffrey
1.5,,,,,,Saquon Barkley,RB,66.3,2.7,537.4,271.3,9.0,1237.1,NYG,FantasyPros,saquonbarkley
2.6,,,,,,Ezekiel Elliott,RB,60.0,2.6,475.4,288.0,9.6,1279.7,DAL,FantasyPros,ezekielelliott
2.4,,,,,,Derrick Henry,RB,21.5,1.0,184.2,295.5,12.1,1483.4,TEN,FantasyPros,derrickhenry
2.7,,,,,,Dalvin Cook,RB,58.1,1.9,519.4,262.8,9.8,1151.3,MIN,FantasyPros,dalvincook
1.7,,,,,,Alvin Kamara,RB,83.8,2.9,607.6,201.4,7.9,923.7,NO,FantasyPros,alvinkamara
0.5,,,,,,Michael Thomas,WR,129.7,9.1,1544.2,0.3,0.0,0.9,NO,FantasyPros,michaelthomas
2.2,,,,,,Clyde Edwards-Helaire,RB,51.4,3.1,456.9,211.3,8.2,943.4,KC,FantasyPros,clydeedwardshelaire
1.8,,,,,,Joe Mixon,RB,39.9,1.7,308.4,273.9,7.7,1192.9,CIN,FantasyPros,joemixon
2.1,,,,,,Josh Jacobs,RB,29.4,0.8,227.3,271.9,9.3,1232.6,LV,FantasyPros,joshjacobs
2.1,,,,,,Nick Chubb,RB,24.9,1.1,191.5,276.0,8.9,1254.0,CLE,FantasyPros,nickchubb
2.1,,,,,,Miles Sanders,RB,51.8,2.4,464.2,234.8,6.0,1051.0,PHI,FantasyPros,milessanders
1.6,,,,,,Aaron Jones,RB,43.3,2.1,353.5,212.6,9.3,965.8,GB,FantasyPros,aaronjones
0.5,,,,,,Davante Adams,WR,107.3,10.3,1349.3,0.0,0.0,0.0,GB,FantasyPros,davanteadams
1.7,,,,,,Kenyan Drake,RB,54.7,2.2,415.7,209.2,7.4,963.1,ARI,FantasyPros,kenyandrake
1.3,,,,,,Austin Ekele,RB,66.2,4.1,666.5,164.4,4.5,709.5,LAC,FantasyPros,austinekele
0.5,,,,,,Julio Jones,WR,102.3,6.8,1441.5,0.8,0.0,2.1,ATL,FantasyPros,juliojones
2.4,,,,,,Chris Carson,RB,30.2,1.3,235.7,244.5,7.8,1106.9,SEA,FantasyPros,chriscarson
0.5,,,,,,Tyreek Hill,WR,82.2,8.4,1198.0,10.8,0.4,66.2,KC,FantasyPros,tyreekhill
2.4,,,,,,James Conne,RB,43.2,2.1,350.4,228.7,6.6,959.4,PIT,FantasyPros,jamesconne
1.4,,,,,,Todd Gurley,RB,41.2,2.1,317.3,204.9,7.8,870.4,ATL,FantasyPros,toddgurley
1.9,,,,,,David Johnson,RB,42.1,3.0,405.0,216.1,5.2,834.2,HOU,FantasyPros,davidjohnson
0.5,,,,,,Chris Godwin,WR,83.2,7.7,1205.6,1.1,0.1,6.6,TB,FantasyPros,chrisgodwin
1.4,,,,,,Melvin Gordon,RB,42.3,1.6,341.6,202.9,7.0,816.1,DEN,FantasyPros,melvingordon
0.5,,,,,,DeAndre Hopkins,WR,96.0,7.6,1187.5,0.5,0.0,2.5,ARI,FantasyPros,deandrehopkins
0.5,,,,,,Kenny Golladay,WR,73.5,7.9,1168.5,0.3,0.0,1.7,DET,FantasyPros,kennygolladay
1.9,,,,,,Le'Veon Bell,RB,54.6,1.6,419.3,211.3,4.9,824.1,NYJ,FantasyPros,leveonbell
0.5,,,,,,Travis Kelce,TE,93.3,7.7,1140.4,0.0,0.0,0.0,KC,FantasyPros,traviskelce
0.5,,,,,,Mike Evans,WR,73.9,7.4,1155.9,0.5,0.0,3.1,TB,FantasyPros,mikeevans
1.0,,,,,,D.J. Moore,WR,85.8,5.7,1180.9,5.4,0.1,49.1,CAR,FantasyPros,djmoore
0.5,,,,,,Amari Coope,WR,78.1,7.3,1109.0,0.7,0.0,4.7,DAL,FantasyPros,amaricoope
0.5,,,,,,Robert Woods,WR,87.6,5.1,1099.6,13.9,0.8,90.0,LAR,FantasyPros,robertwoods
0.5,,,,,,Tyler Lockett,WR,74.2,7.4,1065.4,5.4,0.1,28.7,SEA,FantasyPros,tylerlockett
0.5,,,,,,A.J. Brown,WR,64.1,6.5,1083.5,4.5,0.4,42.6,TEN,FantasyPros,ajbrown
0.5,,,,,,Cooper Kupp,WR,85.3,7.8,1066.5,1.3,0.0,5.7,LAR,FantasyPros,cooperkupp
0.5,,,,,,Adam Thielen,WR,77.6,7.1,1063.9,3.9,0.4,18.8,MIN,FantasyPros,adamthielen
0.5,,,,,,Calvin Ridley,WR,78.6,7.5,1059.5,1.7,0.0,23.0,ATL,FantasyPros,calvinridley
2.0,,,,,,Jonathan Taylo,RB,23.3,1.1,200.4,207.3,6.7,864.8,IND,FantasyPros,jonathantaylo
0.5,,,,,,Allen Robinson,WR,86.4,6.5,1083.6,1.3,0.1,8.0,CHI,FantasyPros,allenrobinson
1.6,,,,,,Mark Ingram,RB,24.4,2.0,209.7,169.7,6.1,809.8,BAL,FantasyPros,markingram
0.5,,,,,,Odell Beckham,WR,75.7,6.4,1076.5,2.7,0.0,13.2,CLE,FantasyPros,odellbeckham
0.5,,,,,,DeVante Parke,WR,73.0,6.4,1083.9,0.4,0.0,2.6,MIA,FantasyPros,devanteparke
0.5,,,,,,George Kittle,TE,87.7,6.4,1077.0,0.0,0.0,0.0,SF,FantasyPros,georgekittle
0.5,,,,,,Keenan Allen,WR,85.5,6.1,1041.9,4.9,0.1,34.1,LAC,FantasyPros,keenanallen
1.9,,,,,,Antonio Gibson,RB,49.3,2.0,387.6,153.6,4.4,700.9,WAS,FantasyPros,antoniogibson
2.2,,,,,,Raheem Mostert,RB,18.6,1.0,151.8,165.0,7.2,829.1,SF,FantasyPros,raheemmostert
0.5,,,,,,Terry McLaurin,WR,70.1,6.4,1043.1,0.0,0.0,0.0,WAS,FantasyPros,terrymclaurin
1.5,,,,,,D.K. Metcalf,WR,66.1,7.3,1002.9,1.1,0.0,6.5,SEA,FantasyPros,dkmetcalf
0.5,,,,,,JuJu Smith-Schuste,WR,82.6,6.1,1054.4,0.3,0.0,2.7,PIT,FantasyPros,jujusmithschuste
0.5,,,,,,Courtland Sutton,WR,71.0,6.1,1046.4,0.8,0.0,2.9,DEN,FantasyPros,courtlandsutton
0.5,,,,,,Stefon Diggs,WR,66.3,6.1,970.6,7.6,0.1,59.0,BUF,FantasyPros,stefondiggs
0.5,,,,,,T.Y. Hilton,WR,71.4,5.8,1041.5,0.0,0.0,0.0,IND,FantasyPros,tyhilton
0.5,,,,,,Michael Gallup,WR,62.8,6.1,1015.0,0.0,0.0,0.0,DAL,FantasyPros,michaelgallup
1.6,,,,,,Devin Singletary,RB,34.3,1.5,273.2,160.4,3.9,802.3,BUF,FantasyPros,devinsingletary
1.0,,,,,,A.J. Green,WR,69.4,5.9,1005.9,0.0,0.0,0.7,CIN,FantasyPros,ajgreen
0.5,,,,,,D.J. Chark,WR,71.5,6.0,969.7,1.0,0.0,8.7,JAC,FantasyPros,djchark
1.9,,,,,,Cam Akers,RB,31.5,1.1,252.9,185.4,5.7,699.7,LAR,FantasyPros,camakers
0.5,,,,,,Jarvis Landry,WR,72.5,5.5,966.6,0.7,0.3,12.7,CLE,FantasyPros,jarvislandry
0.5,,,,,,Marquise Brown,WR,63.7,6.4,844.8,6.3,0.3,60.0,BAL,FantasyPros,marquisebrown
0.5,,,,,,Zach Ertz,TE,85.7,6.6,893.0,0.0,0.0,0.0,PHI,FantasyPros,zachertz
0.5,,,,,,Mark Andrews,TE,62.2,7.6,829.5,0.0,0.0,0.0,BAL,FantasyPros,markandrews
1.0,,,,,,Kareem Hunt,RB,47.6,2.3,412.4,116.1,4.2,485.3,CLE,FantasyPros,kareemhunt
1.9,,,,,,David Montgomery,RB,19.1,0.8,144.2,197.7,5.5,781.7,CHI,FantasyPros,davidmontgomery
0.5,,,,,,Julian Edelman,WR,78.5,5.0,912.8,9.6,0.1,55.9,NE,FantasyPros,julianedelman
0.5,,,,,,Tyler Boyd,WR,75.2,5.3,932.7,1.7,0.0,8.8,CIN,FantasyPros,tylerboyd
0.5,,,,,,Marvin Jones,WR,64.0,6.4,856.6,0.8,0.0,0.9,DET,FantasyPros,marvinjones
1.0,,,,,,Leonard Fournette,RB,28.1,0.5,210.8,182.3,5.8,650.7,TB,FantasyPros,leonardfournette
1.2,,,,,,Marlon Mack,RB,13.7,0.5,93.5,173.4,5.8,762.8,IND,FantasyPros,marlonmack
0.5,,,,,,Jamison Crowde,WR,74.4,5.8,859.2,1.0,0.0,6.3,NYJ,FantasyPros,jamisoncrowde
1.5,,,,,,Ronald Jones,RB,27.4,0.8,226.1,141.0,4.8,646.2,TB,FantasyPros,ronaldjones
0.5,,,,,,Will Fulle,WR,61.8,5.2,853.1,2.7,0.1,18.0,HOU,FantasyPros,willfulle
1.0,,,,,,Diontae Johnson,WR,67.6,5.8,819.2,3.6,0.0,28.9,PIT,FantasyPros,diontaejohnson
0.5,,,,,,Brandin Cooks,WR,60.4,4.5,849.0,5.2,0.1,38.7,HOU,FantasyPros,brandincooks
0.5,,,,,,Darren Walle,TE,74.5,4.6,884.7,0.0,0.0,0.0,LV,FantasyPros,darrenwalle
0.5,,,,,,Sterling Shepard,WR,71.5,4.7,835.2,4.3,0.0,35.5,NYG,FantasyPros,sterlingshepard
0.5,,,,,,Deebo Samuel,WR,55.0,4.1,732.5,9.7,1.0,107.3,SF,FantasyPros,deebosamuel
1.0,,,,,,Phillip Lindsay,RB,31.6,0.8,215.1,142.1,4.3,630.5,DEN,FantasyPros,philliplindsay
0.5,,,,,,Christian Kirk,WR,69.7,4.8,804.0,5.7,0.0,48.0,ARI,FantasyPros,christiankirk
0.5,,,,,,DeSean Jackson,WR,52.7,5.1,783.1,4.3,0.4,24.5,PHI,FantasyPros,deseanjackson
0.5,,,,,,John Brown,WR,53.0,5.4,796.4,2.7,0.1,13.2,BUF,FantasyPros,johnbrown
1.0,,,,,,Preston Williams,WR,61.6,5.2,819.9,0.7,0.0,3.6,MIA,FantasyPros,prestonwilliams
1.2,,,,,,Jordan Howard,RB,15.8,0.5,111.5,170.6,5.5,660.6,MIA,FantasyPros,jordanhoward
1.8,,,,,,Kerryon Johnson,RB,26.1,1.0,214.6,133.2,4.3,609.7,DET,FantasyPros,kerryonjohnson
0.5,,,,,,Darius Slayton,WR,51.7,5.8,764.7,0.0,0.0,0.0,NYG,FantasyPros,dariusslayton
0.5,,,,,,Golden Tate,WR,63.7,5.1,776.2,1.6,0.0,12.4,NYG,FantasyPros,goldentate
0.5,,,,,,James White,RB,62.7,3.7,537.4,59.0,1.6,230.5,NE,FantasyPros,jameswhite
1.7,,,,,,D'Andre Swift,RB,31.0,1.3,271.2,143.5,3.4,557.6,DET,FantasyPros,dandreswift
1.4,,,,,,Tarik Cohen,RB,66.1,2.7,478.7,93.8,2.0,343.8,CHI,FantasyPros,tarikcohen
1.0,,,,,,Henry Ruggs,WR,55.8,4.8,778.3,3.6,0.1,24.6,LV,FantasyPros,henryruggs
0.0,,,,,,Breshad Perriman,WR,45.6,5.1,754.4,2.0,0.0,7.7,NYJ,FantasyPros,breshadperriman
1.5,,,,,,Matt Breida,RB,32.6,1.5,240.2,140.2,3.0,578.1,MIA,FantasyPros,mattbreida
1.0,,,,,,CeeDee Lamb,WR,54.7,4.7,791.1,0.7,0.0,4.3,DAL,FantasyPros,ceedeelamb
1.0,,,,,,Tevin Coleman,RB,17.0,0.9,136.7,146.5,4.7,606.5,SF,FantasyPros,tevincoleman
1.8,,,,,,Zack Moss,RB,18.8,0.7,149.0,155.6,4.1,646.2,BUF,FantasyPros,zackmoss
0.5,,,,,,Evan Engram,TE,65.1,5.0,749.5,0.0,0.0,0.0,NYG,FantasyPros,evanengram
0.5,,,,,,Anthony Mille,WR,58.7,4.8,744.8,2.6,0.1,14.2,CHI,FantasyPros,anthonymille
1.4,,,,,,Sony Michel,RB,12.2,0.3,87.0,154.2,4.7,684.0,NE,FantasyPros,sonymichel
1.8,,,,,,J.K. Dobbins,RB,15.8,0.7,124.2,156.2,4.3,646.5,BAL,FantasyPros,jkdobbins
0.0,,,,,,Mike Williams,WR,43.3,4.4,719.8,3.4,0.5,18.0,LAC,FantasyPros,mikewilliams
0.5,,,,,,Hunter Henry,TE,60.4,5.2,710.4,0.0,0.0,0.0,LAC,FantasyPros,hunterhenry
0.5,,,,,,Sammy Watkins,WR,53.5,4.5,736.6,1.9,0.0,15.5,KC,FantasyPros,sammywatkins
0.0,,,,,,Jared Cook,TE,50.2,5.6,671.1,0.0,0.0,0.0,NO,FantasyPros,jaredcook
0.5,,,,,,Emmanuel Sanders,WR,58.7,4.7,725.6,0.7,0.0,7.3,NO,FantasyPros,emmanuelsanders
0.5,,,,,,Tyler Higbee,TE,63.2,4.5,714.6,0.0,0.0,0.0,LAR,FantasyPros,tylerhigbee
1.0,,,,,,Latavius Murray,RB,21.4,0.5,148.2,135.7,4.6,538.0,NO,FantasyPros,lataviusmurray
0.5,,,,,,Robby Anderson,WR,49.8,4.2,719.2,1.0,0.0,1.8,CAR,FantasyPros,robbyanderson
0.5,,,,,,Allen Lazard,WR,53.0,4.0,719.3,1.0,0.0,12.1,GB,FantasyPros,allenlazard
1.0,,,,,,Jerry Jeudy,WR,53.0,4.1,724.6,0.7,0.0,2.7,DEN,FantasyPros,jerryjeudy
0.7,,,,,,Duke Johnson,RB,39.7,2.2,353.1,85.1,1.9,366.0,HOU,FantasyPros,dukejohnson
0.5,,,,,,Curtis Samuel,WR,44.8,4.0,535.8,15.6,1.1,113.9,CAR,FantasyPros,curtissamuel
0.5,,,,,,Justin Jefferson,WR,49.9,4.0,699.3,1.4,0.1,8.9,MIN,FantasyPros,justinjefferson
0.5,,,,,,Rob Gronkowski,TE,47.1,4.6,658.0,0.0,0.0,0.0,TB,FantasyPros,robgronkowski
0.5,,,,,,Steven Sims,WR,49.9,4.4,566.2,9.0,0.5,67.9,WAS,FantasyPros,stevensims
0.5,,,,,,Hayden Hurst,TE,57.2,4.5,650.8,0.0,0.0,0.0,ATL,FantasyPros,haydenhurst
0.5,,,,,,N'Keal Harry,WR,48.6,4.5,612.2,4.9,0.1,36.8,NE,FantasyPros,nkealharry
0.5,,,,,,Noah Fant,TE,50.6,4.5,648.4,0.0,0.0,0.0,DEN,FantasyPros,noahfant
0.5,,,,,,Cole Beasley,WR,55.6,4.2,665.9,0.0,0.0,0.0,BUF,FantasyPros,colebeasley
0.5,,,,,,Hunter Renfrow,WR,52.8,4.3,642.6,0.0,0.0,0.0,LV,FantasyPros,hunterrenfrow
0.5,,,,,,Corey Davis,WR,47.7,3.7,663.9,1.5,0.0,12.7,TEN,FantasyPros,coreydavis
0.5,,,,,,Austin Hoope,TE,56.1,4.4,629.2,0.0,0.0,0.0,CLE,FantasyPros,austinhoope
0.5,,,,,,Michael Pittman,WR,48.0,3.9,651.0,1.0,0.0,4.3,IND,FantasyPros,michaelpittman
1.0,,,,,,Mecole Hardman,WR,35.8,4.7,561.3,7.1,0.2,40.3,KC,FantasyPros,mecolehardman
1.0,,,,,,Mike Gesicki,TE,58.5,4.3,638.2,0.0,0.0,0.0,MIA,FantasyPros,mikegesicki
0.0,,,,,,Chris Herndon IV,TE,48.8,4.6,585.1,0.0,0.0,0.0,NYJ,FantasyPros,chrisherndoniv
1.0,,,,,,Jalen Reago,WR,47.8,3.9,634.9,1.8,0.1,10.5,PHI,FantasyPros,jalenreago
0.5,,,,,,Brandon Aiyuk,WR,43.8,4.1,607.9,1.8,0.1,10.6,SF,FantasyPros,brandonaiyuk
1.5,,,,,,Tony Pollard,RB,25.3,1.4,189.8,97.3,2.8,439.4,DAL,FantasyPros,tonypollard
1.1,,,,,,Boston Scott,RB,27.2,0.4,220.5,98.2,3.7,392.6,PHI,FantasyPros,bostonscott
0.5,,,,,,Danny Amendola,WR,60.3,3.1,652.9,0.3,0.0,0.0,DET,FantasyPros,dannyamendola
0.5,,,,,,Jonnu Smith,TE,47.2,4.7,557.4,0.0,0.0,0.0,TEN,FantasyPros,jonnusmith
1.0,,,,,,Bryan Edwards,WR,47.7,3.4,629.9,1.1,0.0,6.5,LV,FantasyPros,bryanedwards
1.4,,,,,,Alexander Mattison,RB,12.5,0.4,95.4,127.7,3.2,542.2,MIN,FantasyPros,alexandermattison
0.5,,,,,,Dallas Goedert,TE,53.6,4.5,552.6,0.0,0.0,0.0,PHI,FantasyPros,dallasgoedert
1.3,,,,,,Darrell Henderson,RB,22.4,0.9,171.4,110.7,2.8,437.8,LAR,FantasyPros,darrellhenderson
0.5,,,,,,Dede Westbrook,WR,54.7,2.9,591.7,3.8,0.1,28.8,JAC,FantasyPros,dedewestbrook
0.5,,,,,,T.J. Hockenson,TE,52.4,3.4,593.3,0.0,0.0,0.0,DET,FantasyPros,tjhockenson
0.0,,,,,,Josh Gordon,WR,34.0,3.0,602.0,1.0,0.0,1.0,SEA,FantasyPros,joshgordon
0.0,,,,,,Blake Jarwin,TE,46.5,4.2,529.0,0.0,0.0,0.0,DAL,FantasyPros,blakejarwin
0.0,,,,,,Eric Ebron,TE,45.6,4.1,514.0,0.0,0.0,0.0,PIT,FantasyPros,ericebron
1.2,,,,,,Jerick McKinnon,RB,21.2,0.6,175.0,95.7,3.0,391.9,SF,FantasyPros,jerickmckinnon
0.5,,,,,,Larry Fitzgerald,WR,50.8,3.4,564.8,0.0,0.0,0.0,ARI,FantasyPros,larryfitzgerald
0.5,,,,,,Randall Cobb,WR,44.3,2.9,562.2,3.3,0.1,19.8,HOU,FantasyPros,randallcobb
0.5,,,,,,Jack Doyle,TE,51.7,4.0,516.4,0.0,0.0,0.0,IND,FantasyPros,jackdoyle
0.5,,,,,,Ian Thomas,TE,52.2,3.8,518.7,0.0,0.0,0.0,CAR,FantasyPros,ianthomas
0.5,,,,,,Chris Thompson,RB,40.7,1.4,330.0,41.1,1.3,252.8,JAC,FantasyPros,christhompson
1.2,,,,,,Devine Ozigbo,RB,19.7,0.6,154.9,110.7,2.4,409.5,JAC,FantasyPros,devineozigbo
0.5,,,,,,Chris Conley,WR,39.7,3.1,541.8,0.0,0.0,0.0,JAC,FantasyPros,chrisconley
1.3,,,,,,Darrynton Evans,RB,22.5,1.0,194.7,80.1,2.3,352.3,TEN,FantasyPros,darryntonevans
0.5,,,,,,Chase Edmonds,RB,18.6,0.8,136.9,94.4,2.8,368.5,ARI,FantasyPros,chaseedmonds
1.0,,,,,,Laviska Shenault,WR,32.5,2.2,435.5,17.6,0.6,113.4,JAC,FantasyPros,laviskashenault
0.0,,,,,,Greg Olsen,TE,40.1,3.6,471.4,0.0,0.0,0.0,SEA,FantasyPros,gregolsen
0.5,,,,,,James Washington,WR,34.3,2.9,506.4,0.0,0.0,0.0,PIT,FantasyPros,jameswashington
2.1,,,,,,Jalen Richard,RB,30.8,0.8,270.1,71.9,1.6,296.7,LV,FantasyPros,jalenrichard
0.0,,,,,,Kyle Rudolph,TE,41.6,4.1,425.5,0.0,0.0,0.0,MIN,FantasyPros,kylerudolph
1.3,,,,,,Darrel Williams,RB,15.1,0.9,122.3,91.1,3.3,321.5,KC,FantasyPros,darrelwilliams
1.1,,,,,,Joshua Kelley,RB,8.3,0.2,63.6,114.6,3.5,401.7,LAC,FantasyPros,joshuakelley
0.5,,,,,,Nyheim Hines,RB,40.9,1.4,308.2,47.6,1.5,191.1,IND,FantasyPros,nyheimhines
0.0,,,,,,Josh Reynolds,WR,34.4,2.8,464.4,3.7,0.1,22.8,LAR,FantasyPros,joshreynolds
0.5,,,,,,John Ross,WR,30.6,3.6,439.5,3.3,0.0,13.6,CIN,FantasyPros,johnross
0.0,,,,,,Alshon Jeffery,WR,35.6,3.2,446.4,0.3,0.3,0.3,PHI,FantasyPros,alshonjeffery
0.5,,,,,,Parris Campbell,WR,38.3,2.8,464.1,3.7,0.1,27.4,IND,FantasyPros,parriscampbell
1.0,,,,,,Benny Snell,RB,8.7,0.3,70.5,96.3,2.7,418.9,PIT,FantasyPros,bennysnell
1.0,,,,,,Damien Harris,RB,8.5,0.1,71.3,123.1,3.3,389.9,NE,FantasyPros,damienharris
0.0,,,,,,Tee Higgins,WR,36.2,2.8,478.2,0.0,0.0,0.0,CIN,FantasyPros,teehiggins
1.2,,,,,,A.J. Dillon,RB,8.7,0.2,62.2,110.0,3.2,404.0,GB,FantasyPros,ajdillon
0.0,,,,,,Dontrelle Inman,WR,34.5,2.7,476.2,0.0,0.0,0.0,WAS,FantasyPros,dontrelleinman
0.5,,,,,,Jakeem Grant,WR,38.5,2.5,438.1,3.6,0.8,18.9,MIA,FantasyPros,jakeemgrant
0.0,,,,,,Russell Gage,WR,38.5,2.6,445.3,3.3,0.1,22.4,ATL,FantasyPros,russellgage
0.0,,,,,,Dawson Knox,TE,34.8,3.0,446.1,0.0,0.0,0.0,BUF,FantasyPros,dawsonknox
0.0,,,,,,Kenny Stills,WR,30.5,3.1,436.8,0.0,0.0,0.0,HOU,FantasyPros,kennystills
0.5,,,,,,Giovani Bernard,RB,28.6,0.7,208.3,76.9,1.8,274.3,CIN,FantasyPros,giovanibernard
0.5,,,,,,Jamaal Williams,RB,26.4,1.3,200.1,66.3,1.5,260.6,GB,FantasyPros,jamaalwilliams
0.0,,,,,,Tyler Eifert,TE,38.8,2.8,444.6,0.0,0.0,0.0,JAC,FantasyPros,tylereifert
0.6,,,,,,Justin Jackson,RB,13.8,0.2,97.4,76.9,2.4,366.2,LAC,FantasyPros,justinjackson
0.0,,,,,,Kendrick Bourne,WR,32.4,3.1,408.4,0.8,0.1,5.6,SF,FantasyPros,kendrickbourne
0.5,,,,,,Adam Humphries,WR,41.4,2.6,441.0,0.7,0.0,3.0,TEN,FantasyPros,adamhumphries
0.6,,,,,,Ito Smith,RB,21.7,0.5,149.8,66.7,2.5,262.5,ATL,FantasyPros,itosmith
0.5,,,,,,O.J. Howard,TE,32.4,2.7,424.7,0.0,0.0,0.0,TB,FantasyPros,ojhoward
0.0,,,,,,Miles Boykin,WR,28.6,3.2,383.5,0.0,0.0,0.0,BAL,FantasyPros,milesboykin
1.0,,,,,,Ryquell Armstead,RB,11.9,1.1,107.1,84.4,1.7,315.5,JAC,FantasyPros,ryquellarmstead
0.5,,,,,,Irv Smith,TE,40.7,2.8,405.2,0.0,0.0,0.0,MIN,FantasyPros,irvsmith
1.1,,,,,,Bryce Love,RB,12.0,0.5,96.4,99.3,2.1,336.4,WAS,FantasyPros,brycelove
1.2,,,,,,James Robinson,RB,14.5,0.5,122.2,86.6,1.7,331.9,JAC,FantasyPros,jamesrobinson
0.5,,,,,,David Njoku,TE,34.3,3.2,381.6,0.0,0.0,0.0,CLE,FantasyPros,davidnjoku
0.0,,,,,,Darren Fells,TE,32.6,3.8,330.4,0.0,0.0,0.0,HOU,FantasyPros,darrenfells
0.5,,,,,,Frank Gore,RB,11.3,0.3,87.3,105.0,1.9,347.1,NYJ,FantasyPros,frankgore
0.0,,,,,,Tre'Quan Smith,WR,25.4,3.3,352.8,0.3,0.0,1.0,NO,FantasyPros,trequansmith
0.5,,,,,,Jimmy Graham,TE,40.6,2.3,427.5,0.0,0.0,0.0,CHI,FantasyPros,jimmygraham
0.6,,,,,,Adrian Peterson,RB,8.5,0.2,68.5,93.6,2.4,338.3,DET,FantasyPros,adrianpeterson
0.5,,,,,,Jace Sternberge,TE,36.9,3.2,364.6,0.0,0.0,0.0,GB,FantasyPros,jacesternberge
0.5,,,,,,Rex Burkhead,RB,20.1,0.7,176.2,53.1,1.8,224.7,NE,FantasyPros,rexburkhead
0.0,,,,,,C.J. Uzomah,TE,38.9,2.8,369.0,0.0,0.0,0.0,CIN,FantasyPros,cjuzomah
0.5,,,,,,Willie Snead,WR,32.3,2.6,376.7,0.7,0.0,3.0,BAL,FantasyPros,williesnead
0.0,,,,,,Malcolm Brown,RB,7.8,0.2,52.4,79.4,2.2,330.0,LAR,FantasyPros,malcolmbrown
0.5,,,,,,Chase Claypool,WR,30.2,2.2,394.4,0.7,0.0,2.7,PIT,FantasyPros,chaseclaypool
0.0,,,,,,Gerald Everett,TE,33.1,2.5,366.0,0.0,0.0,0.0,LAR,FantasyPros,geraldeverett
0.5,,,,,,Denzel Mims,WR,30.5,1.9,402.8,0.7,0.0,2.7,NYJ,FantasyPros,denzelmims
0.5,,,,,,KJ Hamle,WR,27.9,2.1,386.0,0.7,0.0,2.7,DEN,FantasyPros,kjhamle
0.0,,,,,,Phillip Dorsett,WR,26.0,2.3,356.8,0.1,0.0,0.3,SEA,FantasyPros,phillipdorsett
0.0,,,,,,Equanimeous St. Brown,WR,28.4,2.1,363.5,0.3,0.0,2.0,GB,FantasyPros,equanimeousstbrown
0.5,,,,,,Van Jefferson,WR,28.5,2.0,379.4,0.7,0.0,3.3,LAR,FantasyPros,vanjefferson
0.9,,,,,,Carlos Hyde,RB,6.9,0.2,43.1,79.2,2.1,324.2,SEA,FantasyPros,carloshyde
0.0,,,,,,Nick Boyle,TE,30.8,2.7,311.6,0.0,0.0,0.0,BAL,FantasyPros,nickboyle
0.7,,,,,,Peyton Barbe,RB,9.8,0.2,69.8,76.1,1.8,290.6,WAS,FantasyPros,peytonbarbe
0.0,,,,,,Antonio Gandy-Golden,WR,27.1,1.7,360.5,0.0,0.0,0.0,WAS,FantasyPros,antoniogandygolden
0.0,,,,,,Jakobi Meyers,WR,26.2,2.0,339.8,0.0,0.0,0.0,NE,FantasyPros,jakobimeyers
0.0,,,,,,Olabisi Johnson,WR,26.4,2.4,305.0,0.7,0.0,4.5,MIN,FantasyPros,olabisijohnson
0.0,,,,,,Zach Pascal,WR,23.3,2.1,320.9,1.0,0.0,8.0,IND,FantasyPros,zachpascal
0.0,,,,,,Marquez Valdes-Scantling,WR,22.1,1.8,335.2,0.7,0.0,7.0,GB,FantasyPros,marquezvaldesscantling
0.0,,,,,,Vance McDonald,TE,32.6,2.3,312.1,0.0,0.0,0.0,PIT,FantasyPros,vancemcdonald
0.5,,,,,,Devin Asiasi,TE,31.2,2.4,315.9,0.0,0.0,0.0,NE,FantasyPros,devinasiasi
0.5,,,,,,Keelan Cole,WR,22.2,2.0,332.6,0.7,0.0,3.9,JAC,FantasyPros,keelancole
0.4,,,,,,Brian Hill,RB,13.2,0.3,96.3,56.2,1.6,227.4,ATL,FantasyPros,brianhill
0.0,,,,,,Will Dissly,TE,23.0,2.5,271.7,0.0,0.0,0.0,SEA,FantasyPros,willdissly
0.0,,,,,,Damiere Byrd,WR,23.5,2.0,297.3,0.0,0.0,0.0,NE,FantasyPros,damierebyrd
0.0,,,,,,Trey Burton,TE,28.2,2.2,287.1,0.0,0.0,0.0,IND,FantasyPros,treyburton
0.1,,,,,,LeSean McCoy,RB,13.0,0.3,96.3,39.0,1.7,205.3,TB,FantasyPros,leseanmccoy
0.5,,,,,,Devin Duvernay,WR,22.7,1.8,307.3,1.0,0.0,7.0,BAL,FantasyPros,devinduvernay
0.0,,,,,,Andy Isabella,WR,19.6,1.8,288.4,2.3,0.1,15.4,ARI,FantasyPros,andyisabella
0.7,,,,,,Dion Lewis,RB,22.1,0.8,144.8,51.6,0.8,183.3,NYG,FantasyPros,dionlewis
0.7,,,,,,Anthony McFarland,RB,17.1,0.8,133.3,38.1,1.2,176.4,PIT,FantasyPros,anthonymcfarland
0.0,,,,,,David Moore,WR,20.3,2.0,273.8,0.6,0.0,3.9,SEA,FantasyPros,davidmoore
0.0,,,,,,Isaiah Ford,WR,24.5,1.7,293.3,0.0,0.0,0.0,MIA,FantasyPros,isaiahford
0.0,,,,,,Jordan Akins,TE,28.3,1.5,301.9,0.0,0.0,0.0,HOU,FantasyPros,jordanakins
1.0,,,,,,Rashaad Penny,RB,8.5,0.3,69.6,52.7,1.4,240.8,SEA,FantasyPros,rashaadpenny
0.5,,,,,,Cole Kmet,TE,27.2,1.9,283.7,0.0,0.0,0.0,CHI,FantasyPros,colekmet
0.0,,,,,,Chris Hogan,WR,21.7,1.6,287.4,0.0,0.0,0.0,NYJ,FantasyPros,chrishogan
0.0,,,,,,Anthony Firkse,TE,21.8,1.8,268.4,0.0,0.0,0.0,TEN,FantasyPros,anthonyfirkse
0.5,,,,,,Auden Tate,WR,21.8,1.5,296.4,0.0,0.0,0.0,CIN,FantasyPros,audentate
0.5,,,,,,Nelson Agholo,WR,24.4,1.4,278.2,1.4,0.0,13.3,LV,FantasyPros,nelsonagholo
0.0,,,,,,Dan Arnold,TE,21.6,1.8,257.8,0.0,0.0,0.0,ARI,FantasyPros,danarnold
0.6,,,,,,Gus Edwards,RB,3.5,0.1,27.0,47.6,1.5,254.8,BAL,FantasyPros,gusedwards
0.0,,,,,,Ted Ginn,WR,18.4,1.4,250.9,3.3,0.2,21.1,CHI,FantasyPros,tedginn
0.0,,,,,,Ryan Griffin,TE,24.8,1.8,255.2,0.0,0.0,0.0,NYJ,FantasyPros,ryangriffin
0.5,,,,,,Greg Ward,WR,23.8,1.4,276.2,1.4,0.0,7.6,PHI,FantasyPros,gregward
0.0,,,,,,DeAndre Washington,RB,14.0,1.0,104.0,34.0,1.0,135.0,KC,FantasyPros,deandrewashington
0.6,,,,,,Royce Freeman,RB,17.9,0.5,112.2,41.9,1.0,169.2,DEN,FantasyPros,roycefreeman
0.5,,,,,,Kyle Juszczyk,RB,24.1,1.4,234.3,10.5,0.2,26.1,SF,FantasyPros,kylejuszczyk
0.0,,,,,,Taysom Hill,QB,21.0,2.1,216.8,0.0,0.0,0.0,NO,FantasyPros,taysomhill
0.0,,,,,,Cordarrelle Patterson,WR,11.3,0.5,112.4,22.0,1.1,135.8,CHI,FantasyPros,cordarrellepatterson
0.0,,,,,,Scott Mille,WR,21.2,1.2,254.0,1.2,0.1,8.1,TB,FantasyPros,scottmille
0.0,,,,,,Cameron Brate,TE,21.2,2.0,211.4,0.0,0.0,0.0,TB,FantasyPros,cameronbrate
0.5,,,,,,Jordan Reed,TE,21.6,1.6,241.6,0.0,0.0,0.0,SF,FantasyPros,jordanreed
0.5,,,,,,Joe Reed,WR,17.3,1.3,252.0,1.0,0.0,4.3,LAC,FantasyPros,joereed
0.5,,,,,,Mike Davis,RB,10.9,0.1,76.2,48.2,1.4,172.4,CAR,FantasyPros,mikedavis
0.0,,,,,,Jesse James,TE,21.4,1.4,241.5,0.0,0.0,0.0,DET,FantasyPros,jessejames
0.3,,,,,,Lamical Perine,RB,10.8,0.3,77.2,35.8,1.2,165.3,NYJ,FantasyPros,lamicalperine
0.0,,,,,,Demarcus Robinson,WR,16.3,1.6,223.2,0.0,0.0,0.0,KC,FantasyPros,demarcusrobinson
0.0,,,,,,Gunner Olszewski,WR,21.1,1.2,243.7,0.0,0.0,0.0,NE,FantasyPros,gunnerolszewski
0.0,,,,,,J.J. Arcega-Whiteside,WR,18.0,1.6,216.9,0.4,0.0,2.9,PHI,FantasyPros,jjarcegawhiteside
0.0,,,,,,James O'Shaughnessy,TE,22.7,1.5,228.2,0.0,0.0,0.0,JAC,FantasyPros,jamesoshaughnessy
0.0,,,,,,Maxx Williams,TE,21.9,1.5,220.7,0.0,0.0,0.0,ARI,FantasyPros,maxxwilliams
0.6,,,,,,DeeJay Dallas,RB,11.0,0.4,97.3,37.6,0.9,139.1,SEA,FantasyPros,deejaydallas
0.0,,,,,,Jacob Holliste,TE,20.7,1.6,204.3,0.0,0.0,0.0,SEA,FantasyPros,jacobholliste
0.0,,,,,,Logan Thomas,TE,21.7,1.3,220.3,0.0,0.0,0.0,WAS,FantasyPros,loganthomas
0.2,,,,,,Ryan Nall,RB,6.9,0.3,57.0,42.8,0.9,172.9,CHI,FantasyPros,ryannall
0.6,,,,,,Justice Hill,RB,9.3,0.2,74.1,29.6,1.2,140.3,BAL,FantasyPros,justicehill
0.0,,,,,,Richie James,WR,15.8,1.4,197.2,0.0,0.0,0.0,SF,FantasyPros,richiejames
0.0,,,,,,Kalif Raymond,WR,13.0,1.3,202.2,0.0,0.0,0.0,TEN,FantasyPros,kalifraymond
0.0,,,,,,Tim Patrick,WR,16.7,1.2,207.8,0.1,0.0,0.4,DEN,FantasyPros,timpatrick
0.0,,,,,,Jason Witten,TE,21.2,1.6,187.7,0.0,0.0,0.0,LV,FantasyPros,jasonwitten
0.0,,,,,,Robert Tonyan,TE,15.9,1.8,173.3,0.0,0.0,0.0,GB,FantasyPros,roberttonyan
0.0,,,,,,Tyler Kroft,TE,16.8,1.7,174.3,0.0,0.0,0.0,BUF,FantasyPros,tylerkroft
0.0,,,,,,Jaylen Samuels,RB,16.1,0.3,117.2,32.8,0.6,97.1,PIT,FantasyPros,jaylensamuels
0.0,,,,,,Mo Alie-Cox,TE,13.9,1.4,187.7,0.0,0.0,0.0,IND,FantasyPros,moaliecox
0.0,,,,,,Jeremy Sprinkle,TE,21.7,1.2,199.0,0.0,0.0,0.0,WAS,FantasyPros,jeremysprinkle
0.0,,,,,,Rashard Higgins,WR,14.6,1.3,187.9,0.0,0.0,0.0,CLE,FantasyPros,rashardhiggins
0.0,,,,,,Jaeden Graham,TE,17.9,1.0,208.5,0.0,0.0,0.0,ATL,FantasyPros,jaedengraham
1.0,,,,,,Adam Shaheen,TE,19.8,1.6,186.7,0.0,0.0,0.0,MIA,FantasyPros,adamshaheen
0.5,,,,,,Corey Clement,RB,8.1,0.1,59.0,38.0,1.0,137.0,PHI,FantasyPros,coreyclement
0.0,,,,,,Harrison Bryant,TE,16.0,1.0,189.0,0.0,0.0,0.0,CLE,FantasyPros,harrisonbryant
0.0,,,,,,Josh Hill,TE,18.2,1.3,173.5,0.0,0.0,0.0,NO,FantasyPros,joshhill
0.0,,,,,,Marvin Hall,WR,11.8,1.1,182.3,0.0,0.0,0.0,DET,FantasyPros,marvinhall
0.0,,,,,,Trent Taylo,WR,16.7,0.9,197.0,0.0,0.0,0.0,SF,FantasyPros,trenttaylo
0.0,,,,,,Rico Dowdle,RB,4.0,0.0,42.0,32.0,1.0,145.0,DAL,FantasyPros,ricodowdle
0.0,,,,,,Andy Janovich,RB,10.3,1.2,106.3,3.0,0.7,25.2,CLE,FantasyPros,andyjanovich
0.0,,,,,,K.J. Hill,WR,14.3,1.1,177.8,0.0,0.0,0.0,LAC,FantasyPros,kjhill
0.6,,,,,,Darwin Thompson,RB,8.5,0.2,51.7,32.8,0.7,147.2,KC,FantasyPros,darwinthompson
0.5,,,,,,J.D. McKissic,RB,14.3,0.6,92.5,29.8,0.3,106.2,WAS,FantasyPros,jdmckissic
0.0,,,,,,Donovan Peoples-Jones,WR,14.0,1.1,171.7,0.0,0.0,0.0,CLE,FantasyPros,donovanpeoplesjones
0.0,,,,,,Riley Ridley,WR,13.4,1.1,165.5,0.0,0.0,0.0,CHI,FantasyPros,rileyridley
0.2,,,,,,Mike Boone,RB,3.9,0.1,34.6,29.5,0.9,140.1,MIN,FantasyPros,mikeboone
0.0,,,,,,Garrett Griffin,TE,12.0,2.0,111.0,0.0,0.0,0.0,NO,FantasyPros,garrettgriffin
1.0,,,,,,Josiah Deguara,TE,18.0,1.0,185.0,0.0,0.0,0.0,GB,FantasyPros,josiahdeguara
0.0,,,,,,Tajae Sharpe,WR,12.8,0.9,170.2,0.0,0.0,0.0,MIN,FantasyPros,tajaesharpe
0.1,,,,,,Patrick Laird,RB,9.0,0.2,76.5,18.3,0.4,100.5,MIA,FantasyPros,patricklaird
0.0,,,,,,Gabriel Davis,WR,11.6,0.9,163.0,0.0,0.0,0.0,BUF,FantasyPros,gabrieldavis
0.2,,,,,,Lynn Bowden,RB,11.2,0.2,84.5,20.0,0.3,102.2,MIA,FantasyPros,lynnbowden
0.0,,,,,,Dezmon Patmon,WR,12.5,0.9,158.0,0.0,0.0,0.0,IND,FantasyPros,dezmonpatmon
0.0,,,,,,Adam Trautman,TE,14.7,1.1,143.8,0.0,0.0,0.0,NO,FantasyPros,adamtrautman
0.0,,,,,,Levine Toilolo,TE,14.0,0.8,161.5,0.0,0.0,0.0,NYG,FantasyPros,levinetoilolo
0.0,,,,,,MyCole Pruitt,TE,12.2,1.2,135.2,0.0,0.0,0.0,TEN,FantasyPros,mycolepruitt
0.1,,,,,,Eno Benjamin,RB,5.0,0.1,34.8,25.0,0.9,112.5,ARI,FantasyPros,enobenjamin
0.0,,,,,,Isaiah McKenzie,WR,14.2,1.0,148.8,0.0,0.0,0.0,BUF,FantasyPros,isaiahmckenzie
0.0,,,,,,Devontae Booke,RB,8.8,0.2,71.2,18.7,0.6,85.6,LV,FantasyPros,devontaebooke
0.0,,,,,,Nick Vannett,TE,13.8,1.2,136.6,0.0,0.0,0.0,DEN,FantasyPros,nickvannett
0.4,,,,,,T.J. Yeldon,RB,12.0,0.4,101.1,12.9,0.2,75.5,BUF,FantasyPros,tjyeldon
0.0,,,,,,Ricky Seals-Jones,TE,10.4,1.3,127.3,0.0,0.0,0.0,KC,FantasyPros,rickysealsjones
0.1,,,,,,Myles Gaskin,RB,6.8,0.2,50.1,19.6,0.8,98.1,MIA,FantasyPros,mylesgaskin
0.0,,,,,,Ty Montgomery,RB,9.1,0.3,68.6,14.3,0.6,76.4,NO,FantasyPros,tymontgomery
0.0,,,,,,Malcolm Perry,WR,4.0,0.0,38.0,26.0,1.0,99.0,MIA,FantasyPros,malcolmperry
0.0,,,,,,Javon Wims,WR,12.6,0.9,140.7,0.0,0.0,0.0,CHI,FantasyPros,javonwims
0.0,,,,,,Zay Jones,WR,12.8,0.9,138.6,0.0,0.0,0.3,LV,FantasyPros,zayjones
0.0,,,,,,James Proche,WR,10.1,0.8,141.7,0.0,0.0,0.0,BAL,FantasyPros,jamesproche
0.2,,,,,,Jeff Wilson,RB,2.4,0.1,16.4,25.9,1.2,104.0,SF,FantasyPros,jeffwilson
0.0,,,,,,Marcedes Lewis,TE,14.0,0.6,151.7,0.0,0.0,0.0,GB,FantasyPros,marcedeslewis
0.0,,,,,,Foster Moreau,TE,12.0,1.2,114.3,0.0,0.0,0.0,LV,FantasyPros,fostermoreau
0.0,,,,,,Brycen Hopkins,TE,12.0,1.0,125.0,0.0,0.0,0.0,LAR,FantasyPros,brycenhopkins
0.0,,,,,,Damion Ratley,WR,10.0,0.8,130.4,0.0,0.0,0.0,NYG,FantasyPros,damionratley
0.0,,,,,,Jake Butt,TE,12.5,0.9,124.9,0.0,0.0,0.0,DEN,FantasyPros,jakebutt
0.0,,,,,,Tyler Johnson,WR,10.1,0.6,132.2,1.0,0.1,6.7,TB,FantasyPros,tylerjohnson
0.0,,,,,,Ryan Izzo,TE,9.7,1.0,118.3,0.0,0.0,0.0,NE,FantasyPros,ryanizzo
2.0,,,,,,Jesper Horsted,TE,16.2,1.1,150.4,0.0,0.0,0.0,CHI,FantasyPros,jesperhorsted
0.0,,,,,,Andrew Beck,TE,10.5,1.1,106.6,0.9,0.0,3.5,DEN,FantasyPros,andrewbeck
0.0,,,,,,Donald Parham,TE,10.0,1.0,113.0,0.0,0.0,0.0,LAC,FantasyPros,donaldparham
0.0,,,,,,Demetrius Harris,TE,9.8,1.3,96.5,0.0,0.0,0.0,CHI,FantasyPros,demetriusharris
0.0,,,,,,Kahale Warring,TE,10.0,1.0,112.0,0.0,0.0,0.0,HOU,FantasyPros,kahalewarring
0.0,,,,,,DaeSean Hamilton,WR,12.3,0.7,130.1,0.0,0.0,0.0,DEN,FantasyPros,daeseanhamilton
0.0,,,,,,Kaden Smith,TE,11.8,0.7,124.3,0.0,0.0,0.0,NYG,FantasyPros,kadensmith
0.1,,,,,,Jordan Wilkins,RB,3.1,0.2,22.3,13.8,0.8,88.3,IND,FantasyPros,jordanwilkins
0.0,,,,,,Khadarel Hodge,WR,9.7,0.7,122.5,0.0,0.0,0.0,CLE,FantasyPros,khadarelhodge
0.0,,,,,,Charlie Woerne,TE,9.0,1.0,104.0,0.0,0.0,0.0,SF,FantasyPros,charliewoerne
0.0,,,,,,Vyncint Smith,WR,9.7,0.8,116.9,0.0,0.0,0.0,NYJ,FantasyPros,vyncintsmith
0.1,,,,,,Travis Home,RB,7.4,0.2,62.9,14.4,0.5,54.5,SEA,FantasyPros,travishome
1.0,,,,,,Drew Sample,TE,14.3,0.7,129.4,0.0,0.0,0.0,CIN,FantasyPros,drewsample
0.0,,,,,,CJ Ham,RB,10.4,0.5,88.7,5.3,0.2,24.1,MIN,FantasyPros,cjham
1.0,,,,,,Virgil Green,TE,11.5,0.9,117.0,0.0,0.0,0.0,LAC,FantasyPros,virgilgreen
0.0,,,,,,Andre Roberts,WR,8.9,0.6,115.5,0.0,0.0,0.0,BUF,FantasyPros,andreroberts
0.0,,,,,,Christian Blake,WR,10.5,0.5,120.0,0.0,0.0,0.0,ATL,FantasyPros,christianblake
0.0,,,,,,Joshua Perkins,TE,9.5,0.8,99.0,0.0,0.0,0.0,PHI,FantasyPros,joshuaperkins
0.0,,,,,,Dalton Schultz,TE,11.1,0.5,119.3,0.0,0.0,0.0,DAL,FantasyPros,daltonschultz
0.0,,,,,,Albert Okwuegbunam,TE,8.0,1.0,84.0,0.0,0.0,0.0,DEN,FantasyPros,albertokwuegbunam
0.3,,,,,,Bo Scarbrough,RB,3.5,0.1,24.6,7.1,0.5,90.5,DET,FantasyPros,boscarbrough
0.0,,,,,,Pharoh Coope,WR,8.4,0.6,107.9,0.0,0.0,0.2,CAR,FantasyPros,pharohcoope
0.0,,,,,,Chad Beebe,WR,6.9,0.5,110.2,0.0,0.0,0.0,MIN,FantasyPros,chadbeebe
0.0,,,,,,Seth Roberts,WR,8.7,0.5,111.5,0.0,0.0,0.0,CAR,FantasyPros,sethroberts
0.0,,,,,,Geoff Swaim,TE,8.0,1.0,81.0,0.0,0.0,0.0,TEN,FantasyPros,geoffswaim
0.0,,,,,,Chris Manhertz,TE,7.7,0.8,94.6,0.0,0.0,0.0,CAR,FantasyPros,chrismanhertz
0.1,,,,,,Ameer Abdullah,RB,6.5,0.3,65.0,4.7,0.3,43.4,MIN,FantasyPros,ameerabdullah
0.0,,,,,,Olamide Zaccheaus,WR,7.6,0.6,103.1,0.0,0.0,0.0,ATL,FantasyPros,olamidezaccheaus
0.0,,,,,,Derek Carrie,TE,7.8,1.2,68.9,0.0,0.0,0.0,LV,FantasyPros,derekcarrie
0.0,,,,,,Brandon Powell,WR,8.0,0.5,106.8,0.0,0.0,0.0,ATL,FantasyPros,brandonpowell
0.0,,,,,,Jalen Guyton,WR,8.0,0.5,104.3,0.0,0.0,0.0,LAC,FantasyPros,jalenguyton
0.0,,,,,,Trey Quinn,WR,12.0,0.0,135.0,0.0,0.0,0.0,JAC,FantasyPros,treyquinn
0.0,,,,,,Justin Watson,WR,7.9,0.4,105.5,0.4,0.0,2.7,TB,FantasyPros,justinwatson
0.0,,,,,,Blake Bell,TE,8.9,0.7,93.8,0.0,0.0,0.0,DAL,FantasyPros,blakebell
0.0,,,,,,Noah Brown,WR,7.4,0.6,96.5,0.0,0.0,0.0,DAL,FantasyPros,noahbrown
0.0,,,,,,Braxton Berrios,WR,7.8,0.6,95.9,0.0,0.0,0.0,NYJ,FantasyPros,braxtonberrios
0.0,,,,,,Qadree Ollison,RB,1.2,0.0,10.0,16.4,1.1,51.2,ATL,FantasyPros,qadreeollison
0.0,,,,,,Mack Hollins,WR,7.3,0.4,101.6,0.0,0.0,0.0,MIA,FantasyPros,mackhollins
0.0,,,,,,Keke Coutee,WR,6.0,0.4,65.0,3.7,0.2,24.5,HOU,FantasyPros,kekecoutee
0.0,,,,,,DeAndre Carte,WR,6.0,0.5,93.2,0.0,0.0,0.0,HOU,FantasyPros,deandrecarte
0.0,,,,,,Robert Foste,WR,6.6,0.5,87.9,0.0,0.0,0.0,GB,FantasyPros,robertfoste
0.0,,,,,,Ke'Shawn Vaughn,RB,3.0,0.0,23.1,21.6,0.4,67.3,TB,FantasyPros,keshawnvaughn
0.0,,,,,,Cody Core,WR,5.9,0.6,79.2,0.0,0.0,0.0,NYG,FantasyPros,codycore
0.0,,,,,,Byron Pringle,WR,5.4,0.5,83.1,0.0,0.0,0.0,KC,FantasyPros,byronpringle
0.1,,,,,,Alec Ingold,RB,6.1,0.2,40.9,4.6,0.3,39.2,LV,FantasyPros,alecingold
0.0,,,,,,Cedrick Wilson,WR,7.4,0.3,92.9,0.0,0.0,0.0,DAL,FantasyPros,cedrickwilson
0.0,,,,,,Deonte Harris,WR,6.8,0.5,79.3,0.0,0.0,0.0,NO,FantasyPros,deonteharris
0.0,,,,,,KeeSean Johnson,WR,6.3,0.5,82.8,0.0,0.0,0.0,ARI,FantasyPros,keeseanjohnson
0.0,,,,,,Tommy Sweeney,TE,6.0,0.6,73.5,0.0,0.0,0.0,BUF,FantasyPros,tommysweeney
0.0,,,,,,Chandler Cox,RB,7.1,0.5,44.6,15.0,0.0,28.6,MIA,FantasyPros,chandlercox
0.0,,,,,,Tanner Hudson,TE,6.2,0.6,72.3,0.0,0.0,0.0,TB,FantasyPros,tannerhudson
0.0,,,,,,J.P. Holtz,TE,6.5,0.6,71.1,0.0,0.0,0.0,CHI,FantasyPros,jpholtz
0.0,,,,,,Luke Willson,TE,6.8,0.7,65.0,0.0,0.0,0.0,SEA,FantasyPros,lukewillson
0.0,,,,,,C.J. Board,WR,6.1,0.4,79.4,0.0,0.0,0.0,NYG,FantasyPros,cjboard
0.0,,,,,,Alex Erickson,WR,7.1,0.4,79.0,0.2,0.0,1.3,CIN,FantasyPros,alexerickson
0.0,,,,,,Deon Yelde,TE,5.6,0.7,60.9,0.0,0.0,0.0,KC,FantasyPros,deonyelde
0.0,,,,,,Trayveon Williams,RB,3.1,0.1,24.6,25.0,0.1,64.3,CIN,FantasyPros,trayveonwilliams
0.0,,,,,,Cody Holliste,WR,4.6,0.4,76.5,0.0,0.0,0.0,TEN,FantasyPros,codyholliste
0.0,,,,,,Elijhaa Penny,RB,4.1,0.1,25.2,0.0,0.3,47.6,NYG,FantasyPros,elijhaapenny
0.0,,,,,,Luke Stocke,TE,6.6,0.5,65.7,0.0,0.0,0.0,ATL,FantasyPros,lukestocke
0.0,,,,,,Antony Auclai,TE,6.0,0.6,61.2,0.0,0.0,0.0,TB,FantasyPros,antonyauclai
0.0,,,,,,Trevon Wesco,TE,6.5,0.5,65.3,0.0,0.0,0.0,NYJ,FantasyPros,trevonwesco
0.0,,,,,,Ray-Ray McCloud,WR,4.5,0.3,75.4,0.0,0.0,0.0,PIT,FantasyPros,rayraymccloud
0.0,,,,,,Wayne Gallman,RB,3.0,0.1,21.7,16.4,0.4,43.1,NYG,FantasyPros,waynegallman
0.0,,,,,,Dante Pettis,WR,4.0,0.4,70.6,0.0,0.0,0.0,SF,FantasyPros,dantepettis
0.1,,,,,,Trenton Cannon,RB,4.4,0.2,33.4,1.2,0.2,36.6,CAR,FantasyPros,trentoncannon
0.0,,,,,,Jeff Smith,WR,5.6,0.4,68.3,0.0,0.0,0.0,NYJ,FantasyPros,jeffsmith
0.0,,,,,,Brandon Zylstra,WR,4.8,0.4,65.0,0.0,0.0,0.0,CAR,FantasyPros,brandonzylstra
0.0,,,,,,Trent Sherfield,WR,4.9,0.4,69.1,0.0,0.0,0.0,ARI,FantasyPros,trentsherfield
0.0,,,,,,Durham Smythe,TE,6.4,0.5,60.3,0.0,0.0,0.0,MIA,FantasyPros,durhamsmythe
0.0,,,,,,John Ursua,WR,4.6,0.4,63.1,0.0,0.0,0.0,SEA,FantasyPros,johnursua
0.0,,,,,,Buddy Howell,RB,4.0,0.2,26.9,10.5,0.3,34.1,HOU,FantasyPros,buddyhowell
0.0,,,,,,D'Ernest Johnson,RB,2.5,0.0,26.8,11.0,0.3,35.8,CLE,FantasyPros,dernestjohnson
0.0,,,,,,K.J. Osborn,WR,6.0,0.0,83.0,0.0,0.0,0.0,MIN,FantasyPros,kjosborn
0.0,,,,,,Khari Blasingame,RB,4.8,0.2,36.2,13.2,0.0,33.1,TEN,FantasyPros,khariblasingame
0.0,,,,,,Tyler Ervin,RB,7.5,0.1,50.6,7.6,0.0,25.3,GB,FantasyPros,tylerervin
0.0,,,,,,Alex Armah,RB,2.7,0.0,11.3,10.2,0.8,21.4,CAR,FantasyPros,alexarmah
0.0,,,,,,Keith Smith,RB,4.7,0.2,28.0,5.8,0.2,23.6,ATL,FantasyPros,keithsmith
0.0,,,,,,Johnny Mundt,TE,4.7,0.4,48.6,0.0,0.0,0.0,LAR,FantasyPros,johnnymundt
0.0,,,,,,John Hightowe,WR,3.3,0.3,56.3,0.0,0.0,0.0,PHI,FantasyPros,johnhightowe
0.0,,,,,,Alexander Hollins,WR,3.8,0.3,53.2,0.0,0.0,0.0,MIN,FantasyPros,alexanderhollins
0.0,,,,,,Derek Watt,RB,4.5,0.2,30.9,4.2,0.2,14.2,PIT,FantasyPros,derekwatt
0.0,,,,,,Patrick Ricard,RB,6.4,0.3,44.9,1.0,0.0,2.5,BAL,FantasyPros,patrickricard
0.0,,,,,,Tyler Conklin,TE,4.3,0.3,47.6,0.0,0.0,0.0,MIN,FantasyPros,tylerconklin
0.0,,,,,,Gehrig Diete,WR,3.6,0.3,46.2,0.0,0.0,0.0,KC,FantasyPros,gehrigdiete
0.0,,,,,,Chris Moore,WR,4.0,0.3,45.6,0.0,0.0,0.0,BAL,FantasyPros,chrismoore
0.0,,,,,,Eric Saubert,TE,4.6,0.3,45.0,0.0,0.0,0.0,CHI,FantasyPros,ericsaubert
0.0,,,,,,Stephen Carlson,TE,4.1,0.3,42.2,0.0,0.0,0.0,CLE,FantasyPros,stephencarlson
0.0,,,,,,Malik Turne,WR,3.5,0.3,42.9,0.0,0.0,0.0,DAL,FantasyPros,malikturne
0.0,,,,,,Jason Moore,WR,3.9,0.2,46.4,0.0,0.0,0.0,LAC,FantasyPros,jasonmoore
0.0,,,,,,Xavier Grimble,TE,3.7,0.3,41.3,0.0,0.0,0.0,IND,FantasyPros,xaviergrimble
0.0,,,,,,Michael Walke,WR,3.8,0.2,48.3,0.0,0.0,0.0,JAC,FantasyPros,michaelwalke
0.0,,,,,,Keith Kirkwood,WR,3.7,0.2,47.6,0.0,0.0,0.0,CAR,FantasyPros,keithkirkwood
0.0,,,,,,Ty Johnson,RB,2.1,0.1,15.7,2.0,0.2,31.3,DET,FantasyPros,tyjohnson
0.0,,,,,,Nsimba Webste,WR,2.8,0.2,42.5,0.0,0.0,0.0,LAR,FantasyPros,nsimbawebste
0.0,,,,,,Xavier Jones,RB,1.5,0.1,10.8,0.0,0.2,28.5,LAR,FantasyPros,xavierjones
0.0,,,,,,Stephen Anderson,TE,3.5,0.3,33.8,0.0,0.0,0.0,LAC,FantasyPros,stephenanderson
0.0,,,,,,Anthony Sherman,RB,4.1,0.3,28.5,1.6,0.0,3.4,KC,FantasyPros,anthonysherman
0.0,,,,,,Lee Smith,TE,3.7,0.3,30.6,0.0,0.0,0.0,BUF,FantasyPros,leesmith
0.0,,,,,,Taiwan Jones,RB,3.0,0.2,33.0,0.6,0.0,3.1,BUF,FantasyPros,taiwanjones
0.0,,,,,,Quintez Cephus,WR,2.9,0.2,33.0,0.0,0.0,0.0,DET,FantasyPros,quintezcephus
0.0,,,,,,Rico Gafford,CB,2.6,0.2,30.7,0.0,0.0,0.0,LV,FantasyPros,ricogafford
0.0,,,,,,Cethan Carte,TE,2.8,0.2,27.7,0.0,0.0,0.0,CIN,FantasyPros,cethancarte
0.0,,,,,,Bennie Fowle,WR,2.4,0.2,27.6,0.0,0.0,0.0,NO,FantasyPros,benniefowle
0.0,,,,,,Matt Slate,WR,1.0,0.1,32.0,0.0,0.0,0.0,NE,FantasyPros,mattslate
0.0,,,,,,Dwayne Washington,RB,0.9,0.0,6.4,5.0,0.2,19.9,NO,FantasyPros,dwaynewashington
0.0,,,,,,Ashton Dulin,WR,1.7,0.1,27.3,0.0,0.0,0.0,IND,FantasyPros,ashtondulin
0.0,,,,,,Jason Croom,TE,2.3,0.2,23.2,0.0,0.0,0.0,BUF,FantasyPros,jasoncroom
0.0,,,,,,Mike Thomas,WR,1.7,0.2,21.7,0.0,0.0,0.0,CIN,FantasyPros,mikethomas
0.0,,,,,,Zach Gentry,TE,2.0,0.2,20.9,0.0,0.0,0.0,PIT,FantasyPros,zachgentry
0.0,,,,,,Stanley Morgan,WR,1.7,0.2,21.3,0.0,0.0,0.0,CIN,FantasyPros,stanleymorgan
0.0,,,,,,Diontae Spence,WR,2.0,0.1,24.1,0.0,0.0,0.0,DEN,FantasyPros,diontaespence
0.0,,,,,,Jason Huntley,RB,1.1,0.1,8.6,0.0,0.1,12.8,PHI,FantasyPros,jasonhuntley
0.0,,,,,,Jakob Johnson,RB,1.8,0.2,13.9,1.4,0.0,5.5,NE,FantasyPros,jakobjohnson
0.0,,,,,,Freddie Swain,WR,1.6,0.1,20.5,0.0,0.0,0.0,SEA,FantasyPros,freddieswain
0.0,,,,,,Samaje Perine,RB,0.6,0.0,5.2,3.9,0.1,14.5,CIN,FantasyPros,samajeperine
0.0,,,,,,Marcus Kemp,WR,1.3,0.1,20.4,0.0,0.0,0.0,KC,FantasyPros,marcuskemp
0.0,,,,,,Jordan Franks,TE,1.5,0.2,14.9,0.0,0.0,0.0,CIN,FantasyPros,jordanfranks
0.0,,,,,,Josh Bellamy,WR,1.6,0.1,19.2,0.0,0.0,0.0,NYJ,FantasyPros,joshbellamy
0.0,,,,,,DeAndrew White,WR,1.4,0.1,17.2,0.0,0.0,0.0,BAL,FantasyPros,deandrewwhite
0.0,,,,,,Reggie Gilliam,RB,1.2,0.1,7.6,0.0,0.1,7.3,BUF,FantasyPros,reggiegilliam
0.0,,,,,,Lil'Jordan Humphrey,WR,1.1,0.1,13.5,0.0,0.0,0.0,NO,FantasyPros,liljordanhumphrey
0.0,,,,,,JoJo Natson,WR,0.7,0.0,19.4,0.0,0.0,0.0,CLE,FantasyPros,jojonatson
0.0,,,,,,Ross Dwelley,TE,1.2,0.2,11.3,0.0,0.0,0.0,SF,FantasyPros,rossdwelley
0.0,,,,,,Ventell Bryant,WR,1.0,0.1,13.9,0.0,0.0,0.0,DAL,FantasyPros,ventellbryant
0.0,,,,,,Alex Ellis,TE,1.0,0.2,9.9,0.0,0.0,0.0,NE,FantasyPros,alexellis
0.0,,,,,,Michael Burton,RB,2.0,0.1,8.4,1.9,0.0,4.7,NO,FantasyPros,michaelburton
0.0,,,,,,Hale Hentges,TE,1.0,0.0,10.8,0.0,0.0,0.0,WAS,FantasyPros,halehentges
0.0,,,,,,Cullen Gillaspia,RB,1.0,0.0,6.9,1.5,0.0,5.9,HOU,FantasyPros,cullengillaspia
0.0,,,,,,Isaiah Wright,WR,0.6,0.1,8.6,0.0,0.0,0.0,WAS,FantasyPros,isaiahwright
0.0,,,,,,Darrell Daniels,TE,0.8,0.0,9.4,0.0,0.0,0.0,ARI,FantasyPros,darrelldaniels
0.0,,,,,,Collin Johnson,WR,0.6,0.0,6.8,0.0,0.0,0.0,JAC,FantasyPros,collinjohnson
0.0,,,,,,Cam Batson,WR,0.1,0.0,2.8,0.0,0.0,0.0,TEN,FantasyPros,cambatson
2.4,469.5,302.5,12.1,29.7,3493.0,Lamar Jackson,QB,,,,160.8,5.8,967.9,BAL,FantasyPros,lamarjackson
1.2,573.3,374.4,10.9,34.5,4604.0,Patrick Mahomes,QB,,,,55.6,2.8,302.0,KC,FantasyPros,patrickmahomes
2.3,581.9,379.9,12.1,29.2,4551.9,Dak Prescott,QB,,,,64.4,3.7,261.4,DAL,FantasyPros,dakprescott
1.8,530.1,349.3,12.9,25.9,4018.6,Deshaun Watson,QB,,,,92.9,4.8,491.3,HOU,FantasyPros,deshaunwatson
1.6,500.2,329.0,8.4,29.6,3957.1,Russell Wilson,QB,,,,72.1,2.4,373.7,SEA,FantasyPros,russellwilson
2.9,525.4,310.4,13.2,21.3,3533.0,Josh Allen,QB,,,,115.4,6.8,624.7,BUF,FantasyPros,joshallen
1.9,565.3,365.7,12.8,24.6,3997.7,Kyler Murray,QB,,,,87.5,3.2,475.8,ARI,FantasyPros,kylermurray
3.2,633.1,421.7,13.5,28.1,4713.4,Matt Ryan,QB,,,,35.1,1.4,134.5,ATL,FantasyPros,mattryan
0.7,538.8,385.4,10.0,30.6,4226.2,Drew Brees,QB,,,,24.0,1.1,29.6,NO,FantasyPros,drewbrees
2.4,568.6,357.8,8.2,27.1,4103.9,Aaron Rodgers,QB,,,,44.9,1.2,188.9,GB,FantasyPros,aaronrodgers
0.9,570.5,360.7,10.5,28.6,4313.6,Tom Brady,QB,,,,24.3,1.3,38.8,TB,FantasyPros,tombrady
4.2,573.4,372.3,10.3,27.5,4048.4,Carson Wentz,QB,,,,57.8,1.7,213.2,PHI,FantasyPros,carsonwentz
1.4,505.1,309.3,13.3,23.3,3584.2,Cam Newton,QB,,,,111.3,3.8,398.6,NE,FantasyPros,camnewton
2.6,597.7,379.5,14.8,26.1,4362.8,Jared Goff,QB,,,,37.5,1.1,95.4,LAR,FantasyPros,jaredgoff
3.1,573.9,370.5,12.0,26.3,4294.3,Matthew Stafford,QB,,,,25.5,0.7,85.7,DET,FantasyPros,matthewstafford
2.8,455.1,299.8,11.5,24.6,3689.8,Ryan Tannehill,QB,,,,58.4,2.5,256.9,TEN,FantasyPros,ryantannehill
5.5,553.2,340.1,12.0,23.0,3839.1,Gardner Minshew,QB,,,,69.5,1.8,352.2,JAC,FantasyPros,gardnerminshew
7.9,566.2,355.2,16.0,25.0,3899.4,Daniel Jones,QB,,,,58.4,2.5,299.0,NYG,FantasyPros,danieljones
1.9,524.5,323.7,14.8,25.8,3935.2,Baker Mayfield,QB,,,,32.1,1.5,155.4,CLE,FantasyPros,bakermayfield
1.3,549.0,357.6,14.4,25.9,4016.8,Ben Roethlisberge,QB,,,,21.4,1.2,61.0,PIT,FantasyPros,benroethlisberge
2.8,488.5,325.0,14.4,27.0,3887.0,Jimmy Garoppolo,QB,,,,39.2,1.3,97.0,SF,FantasyPros,jimmygaroppolo
3.3,500.9,336.9,10.2,25.9,3859.5,Kirk Cousins,QB,,,,34.4,1.0,81.4,MIN,FantasyPros,kirkcousins
3.6,560.4,347.2,15.3,22.6,3883.5,Joe Burrow,QB,,,,43.2,1.8,237.0,CIN,FantasyPros,joeburrow
0.5,566.3,361.8,13.6,23.3,3940.3,Teddy Bridgewate,QB,,,,29.2,0.9,109.0,CAR,FantasyPros,teddybridgewate
3.0,531.5,338.9,12.8,22.8,3750.5,Drew Lock,QB,,,,42.1,1.2,183.8,DEN,FantasyPros,drewlock
1.7,534.7,339.8,13.5,25.2,3968.2,Philip Rivers,QB,,,,13.4,0.2,21.1,IND,FantasyPros,philiprivers
3.1,506.2,340.6,10.4,23.0,3780.1,Derek Ca,QB,,,,26.0,1.3,76.2,LV,FantasyPros,derekca
2.2,519.0,324.0,15.6,22.9,3670.2,Sam Darnold,QB,,,,43.9,1.6,144.5,NYJ,FantasyPros,samdarnold
1.1,449.0,282.2,10.0,17.0,2861.6,Tyrod Taylo,QB,,,,60.7,2.3,275.6,LAC,FantasyPros,tyrodtaylo
2.0,438.2,268.8,13.8,17.2,3057.4,Dwayne Haskins,QB,,,,29.7,0.8,135.3,WAS,FantasyPros,dwaynehaskins
0.7,409.8,262.9,9.2,15.4,2489.3,Mitchell Trubisky,QB,,,,39.3,1.6,173.5,CHI,FantasyPros,mitchelltrubisky
1.9,314.3,195.6,9.8,13.3,2311.1,Tua Tagovailoa,QB,,,,23.5,1.2,128.8,MIA,FantasyPros,tuatagovailoa
0.7,286.7,179.9,8.6,11.6,1933.8,Ryan Fitzpatrick,QB,,,,26.0,1.2,117.6,MIA,FantasyPros,ryanfitzpatrick
0.9,146.7,94.0,5.3,8.9,1440.9,Nick Foles,QB,,,,7.3,0.2,23.5,CHI,FantasyPros,nickfoles
0.4,74.3,44.0,3.9,4.6,867.0,Justin Herbert,QB,,,,10.7,0.6,111.6,LAC,FantasyPros,justinherbert
3.2,26.5,15.0,1.1,2.0,371.9,Jalen Hurts,QB,,,,27.0,1.3,124.3,PHI,FantasyPros,jalenhurts
0.0,59.5,38.0,1.5,3.0,418.5,Alex Smith,QB,,,,10.5,0.0,35.5,WAS,FantasyPros,alexsmith
0.2,10.5,5.5,0.1,0.4,56.0,Taysom Hill,QB,,,,16.0,1.0,167.6,NO,FantasyPros,taysomhill
0.2,19.0,12.0,1.2,1.7,331.6,John Wolford,QB,,,,1.0,0.4,55.4,LAR,FantasyPros,johnwolford
0.2,18.0,12.0,1.4,1.6,332.5,Phillip Walke,QB,,,,1.0,0.4,61.2,CAR,FantasyPros,phillipwalke
0.1,30.3,19.0,1.3,2.2,347.9,Marcus Mariota,QB,,,,3.7,0.1,27.6,LV,FantasyPros,marcusmariota
0.1,14.0,9.0,0.5,1.2,225.9,Jameis Winston,QB,,,,2.0,0.1,13.6,NO,FantasyPros,jameiswinston
0.1,18.0,11.5,1.1,1.4,253.0,Logan Woodside,QB,,,,0.5,0.1,5.3,TEN,FantasyPros,loganwoodside
0.1,16.0,8.0,0.7,1.3,205.2,Geno Smith,QB,,,,5.0,0.1,15.9,SEA,FantasyPros,genosmith
0.1,24.3,15.0,1.3,1.3,260.0,Mason Rudolph,QB,,,,1.7,0.1,7.2,PIT,FantasyPros,masonrudolph
0.1,20.7,12.3,1.2,1.0,206.9,Jeff Driskel,QB,,,,1.7,0.1,14.4,DEN,FantasyPros,jeffdriskel
0.0,19.0,11.5,0.0,1.0,136.0,Jordan Love,QB,,,,4.0,0.0,18.5,GB,FantasyPros,jordanlove
0.1,13.7,8.0,0.8,1.1,189.1,Blaine Gabbert,QB,,,,1.7,0.1,6.0,TB,FantasyPros,blainegabbert
0.0,25.3,15.7,0.7,1.0,179.0,Jarrett Stidham,QB,,,,3.7,0.0,9.7,NE,FantasyPros,jarrettstidham
0.1,5.5,3.0,0.5,0.7,179.8,Jacoby Brissett,QB,,,,1.0,0.1,9.7,IND,FantasyPros,jacobybrissett
0.0,25.5,15.5,0.5,1.0,177.0,Will Grie,QB,,,,0.5,0.0,3.0,CAR,FantasyPros,willgrie
0.1,17.3,11.0,0.9,1.0,189.0,AJ McCarron,QB,,,,0.7,0.0,6.4,HOU,FantasyPros,ajmccarron
0.1,12.3,8.0,0.7,0.8,187.7,Andy Dalton,QB,,,,1.7,0.0,8.1,DAL,FantasyPros,andydalton
0.0,14.0,8.3,0.7,0.8,188.5,Chase Daniel,QB,,,,1.7,0.0,8.5,DET,FantasyPros,chasedaniel
0.0,17.0,11.0,0.0,1.0,116.0,Jake Luton,QB,,,,1.0,0.0,3.0,JAC,FantasyPros,jakeluton
0.0,22.3,13.7,0.7,0.7,150.7,Colt McCoy,QB,,,,0.7,0.0,3.7,NYG,FantasyPros,coltmccoy
0.0,16.3,10.0,0.3,0.7,113.7,Ryan Finley,QB,,,,2.7,0.0,10.3,CIN,FantasyPros,ryanfinley
0.0,19.0,12.0,0.7,0.7,137.0,Case Keenum,QB,,,,0.7,0.0,1.7,CLE,FantasyPros,casekeenum
0.0,12.7,8.0,0.7,0.7,96.3,Robert Griffin,QB,,,,3.3,0.0,15.0,BAL,FantasyPros,robertgriffin
0.0,18.0,10.7,0.3,0.3,133.7,Sean Mannion,QB,,,,1.7,0.0,2.0,MIN,FantasyPros,seanmannion
0.0,11.5,7.0,0.0,0.5,74.0,Brett Hundley,QB,,,,2.0,0.0,8.0,ARI,FantasyPros,bretthundley
0.0,12.3,7.7,0.3,0.7,83.3,Matt Barkley,QB,,,,1.7,0.0,1.7,BUF,FantasyPros,mattbarkley
0.0,13.0,9.0,0.5,0.5,97.0,Matt Schaub,QB,,,,2.0,0.0,1.5,ATL,FantasyPros,mattschaub
0.0,10.7,7.0,0.0,0.3,79.7,Chad Henne,QB,,,,0.7,0.0,3.0,KC,FantasyPros,chadhenne
0.0,10.0,6.0,0.0,0.5,64.5,Brian Hoye,QB,,,,3.0,0.0,2.0,NE,FantasyPros,brianhoye
0.0,15.3,9.7,0.7,0.3,112.0,Nick Mullens,QB,,,,1.7,0.0,1.7,SF,FantasyPros,nickmullens
0.0,9.0,5.5,0.5,0.5,62.5,Joe Flacco,QB,,,,1.5,0.0,5.5,NYJ,FantasyPros,joeflacco
0.0,9.0,5.5,0.5,0.5,61.0,Kyle Allen,QB,,,,1.0,0.0,3.5,WAS,FantasyPros,kyleallen
0.0,10.0,6.0,0.0,0.0,64.0,Jacob Eason,QB,,,,1.0,0.0,2.0,IND,FantasyPros,jacobeason
0.0,4.0,2.0,0.0,0.0,27.0,Jake Fromm,QB,,,,0.0,0.0,1.0,BUF,FantasyPros,jakefromm
0.0,1.0,1.0,0.0,0.0,6.0,David Fales,QB,,,,0.0,0.0,0.0,NYJ,FantasyPros,davidfales
0.0,0.0,0.0,0.0,0.0,0.0,Tim Boyle,QB,,,,0.0,0.0,0.0,GB,FantasyPros,timboyle
0.0,0.0,0.0,0.0,0.0,0.0,Trace McSorley,QB,,,,0.0,0.0,0.0,BAL,FantasyPros,tracemcsorley
0.0,0.0,0.0,0.0,0.0,0.0,Matt Moore,QB,,,,0.0,0.0,0.0,KC,FantasyPros,mattmoore
0.0,0.0,0.0,0.0,0.0,0.0,Tyler Bray,QB,,,,0.0,0.0,0.0,CHI,FantasyPros,tylerbray
0.0,0.0,0.0,0.0,0.0,0.0,Ryan Griffin,QB,,,,0.0,0.0,0.0,TB,FantasyPros,ryangriffin
0.0,0.0,0.0,0.0,0.0,0.0,Nate Sudfeld,QB,,,,0.0,0.0,0.0,PHI,FantasyPros,natesudfeld
0.0,0.0,0.0,0.0,0.0,0.0,C.J. Beathard,QB,,,,0.0,0.0,0.0,SF,FantasyPros,cjbeathard
