player,team,position,fumble_lost,pass_att,pass_comp,pass_int,pass_tds,pass_yds,rcv_rec,rcv_tds,rcv_yds,rush_att,rush_tds,rush_yds
A.J. Brown,TEN,WR,0.75,0.0,0.0,0.0,0.0,0.0,60.55,6.75,1081.25,4.25,0.7,51.8
A.J. Dillon,GB,RB,1.6,0.0,0.0,0.0,0.0,0.0,6.35,0.1,49.1,119.5,4.1,476.5
A.J. Green,CIN,WR,1.5,0.0,0.0,0.0,0.0,0.0,67.7,5.95,1004.45,0.0,0.0,1.35
AJ McCarron,HOU,QB,0.05,19.15,12.5,0.95,1.0,176.0,0.0,0.0,0.0,0.85,0.0,6.2
Aaron Jones,GB,RB,1.8,0.0,0.0,0.0,0.0,0.0,40.65,2.05,342.75,203.3,10.15,890.9
Aaron Rodgers,GB,QB,3.2,563.8,353.4,7.1,26.05,4042.95,0.0,0.0,0.0,48.45,1.1,211.95
Adam Humphries,TEN,WR,0.75,0.0,0.0,0.0,0.0,0.0,43.7,2.8,453.5,1.35,0.0,6.0
Adam Shaheen,MIA,TE,1.0,0.0,0.0,0.0,0.0,0.0,20.9,1.8,193.35,0.0,0.0,0.0
Adam Thielen,MIN,WR,0.75,0.0,0.0,0.0,0.0,0.0,76.3,7.55,1058.45,5.45,0.7,22.4
Adam Trautman,NO,TE,0.0,0.0,0.0,0.0,0.0,0.0,15.35,1.05,146.9,0.0,0.0,0.0
Adrian Peterson,DET,RB,0.6,0.0,0.0,0.0,0.0,0.0,8.5,0.2,68.5,93.6,2.4,338.3
Adrian Peterson,WAS,RB,1.0,0.0,0.0,0.0,0.0,0.0,4.0,0.0,41.0,86.0,2.0,331.0
Albert Okwuegbunam,DEN,TE,0.0,0.0,0.0,0.0,0.0,0.0,9.0,1.0,94.5,0.0,0.0,0.0
Alec Ingold,LV,RB,0.1,0.0,0.0,0.0,0.0,0.0,6.1,0.2,40.9,4.6,0.3,39.2
Alex Armah,CAR,RB,0.0,0.0,0.0,0.0,0.0,0.0,2.7,0.0,11.3,10.2,0.8,21.4
Alex Ellis,NE,TE,0.0,0.0,0.0,0.0,0.0,0.0,1.0,0.2,9.9,0.0,0.0,0.0
Alex Erickson,CIN,WR,0.0,0.0,0.0,0.0,0.0,0.0,7.1,0.4,79.0,0.2,0.0,1.3
Alex Smith,WAS,QB,0.0,36.75,23.5,1.25,2.0,255.25,0.0,0.0,0.0,6.25,0.0,20.75
Alexander Hollins,MIN,WR,0.0,0.0,0.0,0.0,0.0,0.0,3.8,0.3,53.2,0.0,0.0,0.0
Alexander Mattison,MIN,RB,1.7,0.0,0.0,0.0,0.0,0.0,8.75,0.2,69.2,141.35,3.1,619.1
Allen Lazard,GB,WR,0.75,0.0,0.0,0.0,0.0,0.0,56.0,4.0,769.65,1.5,0.0,20.55
Allen Robinson,CHI,WR,0.75,0.0,0.0,0.0,0.0,0.0,85.7,6.25,1083.3,1.15,0.05,6.5
Alshon Jeffery,PHI,WR,0.0,0.0,0.0,0.0,0.0,0.0,35.8,3.1,446.7,0.65,0.65,0.65
Alvin Kamara,NO,RB,2.35,0.0,0.0,0.0,0.0,0.0,89.9,2.45,658.8,205.2,7.95,948.85
Amari Coope,DAL,WR,0.75,0.0,0.0,0.0,0.0,0.0,75.05,7.65,1082.5,1.35,0.0,9.35
Ameer Abdullah,MIN,RB,0.1,0.0,0.0,0.0,0.0,0.0,6.5,0.3,65.0,4.7,0.3,43.4
Andre Roberts,BUF,WR,0.0,0.0,0.0,0.0,0.0,0.0,8.9,0.6,115.5,0.0,0.0,0.0
Andrew Beck,DEN,TE,0.0,0.0,0.0,0.0,0.0,0.0,14.25,1.55,146.8,0.9,0.0,3.5
Andy Dalton,DAL,QB,0.05,17.65,11.5,0.85,0.9,185.85,0.0,0.0,0.0,3.35,0.0,14.55
Andy Isabella,ARI,WR,0.0,0.0,0.0,0.0,0.0,0.0,19.6,1.8,288.4,2.3,0.1,15.4
Andy Janovich,CLE,RB,0.0,0.0,0.0,0.0,0.0,0.0,10.65,1.6,130.15,3.0,0.85,15.6
Anthony Firkse,TEN,TE,0.0,0.0,0.0,0.0,0.0,0.0,24.4,2.4,315.2,0.0,0.0,0.0
Anthony McFarland,PIT,RB,0.85,0.0,0.0,0.0,0.0,0.0,16.05,0.9,131.65,41.55,1.1,172.2
Anthony Mille,CHI,WR,0.75,0.0,0.0,0.0,0.0,0.0,57.85,5.4,744.4,2.8,0.05,12.6
Anthony Sherman,KC,RB,0.0,0.0,0.0,0.0,0.0,0.0,4.1,0.3,28.5,1.6,0.0,3.4
Antonio Gandy-Golden,WAS,WR,0.0,0.0,0.0,0.0,0.0,0.0,27.1,1.7,360.5,0.0,0.0,0.0
Antonio Gibson,WAS,RB,2.45,0.0,0.0,0.0,0.0,0.0,47.65,2.0,387.8,155.3,4.2,683.95
Antony Auclai,TB,TE,0.0,0.0,0.0,0.0,0.0,0.0,8.0,0.8,83.1,0.0,0.0,0.0
Ashton Dulin,IND,WR,0.0,0.0,0.0,0.0,0.0,0.0,1.7,0.1,27.3,0.0,0.0,0.0
Auden Tate,CIN,WR,0.75,0.0,0.0,0.0,0.0,0.0,29.9,1.75,418.7,0.0,0.0,0.0
Austin Ekele,LAC,RB,1.65,0.0,0.0,0.0,0.0,0.0,64.1,4.55,669.75,162.7,4.25,718.75
Austin Hoope,CLE,TE,0.75,0.0,0.0,0.0,0.0,0.0,60.55,4.7,683.6,0.0,0.0,0.0
BAL  Robert Griffin,BAL,QB,0.0,19.0,12.0,1.0,1.0,144.0,0.0,0.0,0.0,6.0,0.0,32.0
Baker Mayfield,CLE,QB,2.45,508.75,313.85,14.4,25.4,3893.1,0.0,0.0,0.0,34.55,1.75,152.2
Ben Roethlisberge,PIT,QB,1.65,551.5,357.8,16.2,24.45,3932.4,0.0,0.0,0.0,26.7,1.6,78.0
Bennie Fowle,NO,WR,0.0,0.0,0.0,0.0,0.0,0.0,2.4,0.2,27.6,0.0,0.0,0.0
Benny Snell,PIT,RB,1.0,0.0,0.0,0.0,0.0,0.0,5.35,0.15,44.25,113.65,2.85,458.45
Bisi Johnson,MIN,WR,0.0,0.0,0.0,0.0,0.0,0.0,43.0,5.0,459.0,1.0,0.0,7.0
Blaine Gabbert,TB,QB,0.05,17.85,10.5,0.9,1.05,178.55,0.0,0.0,0.0,2.85,0.05,4.5
Blake Bell,DAL,TE,0.0,0.0,0.0,0.0,0.0,0.0,10.45,0.85,100.9,0.0,0.0,0.0
Blake Jarwin,DAL,TE,0.0,0.0,0.0,0.0,0.0,0.0,47.25,4.6,548.5,0.0,0.0,0.0
Bo Scarbrough,DET,RB,0.3,0.0,0.0,0.0,0.0,0.0,3.5,0.1,24.6,7.1,0.5,90.5
Boston Scott,PHI,RB,1.55,0.0,0.0,0.0,0.0,0.0,31.6,0.2,266.75,91.6,4.35,363.8
Brandin Cooks,HOU,WR,0.75,0.0,0.0,0.0,0.0,0.0,62.2,4.25,897.0,6.6,0.05,51.85
Brandon Aiyuk,SF,WR,0.75,0.0,0.0,0.0,0.0,0.0,44.9,4.05,677.95,2.4,0.05,12.8
Brandon Powell,ATL,WR,0.0,0.0,0.0,0.0,0.0,0.0,8.0,0.5,106.8,0.0,0.0,0.0
Brandon Zylstra,CAR,WR,0.0,0.0,0.0,0.0,0.0,0.0,4.8,0.4,65.0,0.0,0.0,0.0
Braxton Berrios,NYJ,WR,0.0,0.0,0.0,0.0,0.0,0.0,7.8,0.6,95.9,0.0,0.0,0.0
Breshad Perriman,NYJ,WR,0.0,0.0,0.0,0.0,0.0,0.0,44.3,5.05,748.2,3.0,0.0,8.35
Brett Hundley,ARI,QB,0.0,17.25,10.5,0.0,0.75,111.0,0.0,0.0,0.0,3.0,0.0,12.0
Brian Hill,ATL,RB,0.4,0.0,0.0,0.0,0.0,0.0,13.2,0.3,96.3,56.2,1.6,227.4
Brian Hoye,NE,QB,0.0,15.5,9.5,0.0,0.75,100.25,0.0,0.0,0.0,4.0,0.0,3.0
Bryan Edwards,LV,WR,1.5,0.0,0.0,0.0,0.0,0.0,48.85,3.2,679.45,1.55,0.0,8.75
Bryce Love,WAS,RB,1.55,0.0,0.0,0.0,0.0,0.0,16.0,0.75,133.7,104.65,2.55,388.7
Brycen Hopkins,LAR,TE,0.0,0.0,0.0,0.0,0.0,0.0,12.0,1.0,125.5,0.0,0.0,0.0
Buddy Howell,HOU,RB,0.0,0.0,0.0,0.0,0.0,0.0,4.0,0.2,26.9,10.5,0.3,34.1
Byron Pringle,KC,WR,0.0,0.0,0.0,0.0,0.0,0.0,5.4,0.5,83.1,0.0,0.0,0.0
C.J. Board,NYG,WR,0.0,0.0,0.0,0.0,0.0,0.0,6.1,0.4,79.4,0.0,0.0,0.0
C.J. Uzomah,CIN,TE,0.0,0.0,0.0,0.0,0.0,0.0,43.95,2.9,428.0,0.0,0.0,0.0
CJ Ham,MIN,RB,0.0,0.0,0.0,0.0,0.0,0.0,10.4,0.5,88.7,5.3,0.2,24.1
Calvin Ridley,ATL,WR,0.75,0.0,0.0,0.0,0.0,0.0,79.3,8.25,1035.25,2.85,0.0,27.0
Cam Akers,LAR,RB,2.45,0.0,0.0,0.0,0.0,0.0,32.75,1.05,295.95,184.2,6.35,699.35
Cam Batson,TEN,WR,0.0,0.0,0.0,0.0,0.0,0.0,0.1,0.0,2.8,0.0,0.0,0.0
Cam Newton,NE,QB,1.7,512.55,309.65,12.65,21.65,3460.1,0.0,0.0,0.0,117.65,3.9,449.3
Cameron Brate,TB,TE,0.0,0.0,0.0,0.0,0.0,0.0,24.1,3.0,244.7,0.0,0.0,0.0
Carlos Hyde,SEA,RB,0.95,0.0,0.0,0.0,0.0,0.0,5.95,0.1,32.05,84.6,2.05,340.6
Carson Wentz,PHI,QB,5.6,585.7,382.15,10.65,27.75,4098.7,0.0,0.0,0.0,55.4,1.35,200.1
Case Keenum,CLE,QB,0.0,22.5,14.0,0.85,0.85,169.5,0.0,0.0,0.0,0.85,0.0,1.85
Cedrick Wilson,DAL,WR,0.0,0.0,0.0,0.0,0.0,0.0,7.4,0.3,92.9,0.0,0.0,0.0
CeeDee Lamb,DAL,WR,1.5,0.0,0.0,0.0,0.0,0.0,54.85,4.85,863.55,1.35,0.0,8.65
Cethan Carte,CIN,TE,0.0,0.0,0.0,0.0,0.0,0.0,2.8,0.2,27.7,0.0,0.0,0.0
Chad Beebe,MIN,WR,0.0,0.0,0.0,0.0,0.0,0.0,6.9,0.5,110.2,0.0,0.0,0.0
Chad Henne,KC,QB,0.0,15.85,10.5,0.0,0.65,120.85,0.0,0.0,0.0,1.35,0.0,5.0
Chandler Cox,MIA,RB,0.0,0.0,0.0,0.0,0.0,0.0,7.1,0.5,44.6,15.0,0.0,28.6
Charlie Woerne,SF,TE,0.0,0.0,0.0,0.0,0.0,0.0,9.0,1.0,104.0,0.0,0.0,0.0
Chase Claypool,PIT,WR,0.75,0.0,0.0,0.0,0.0,0.0,34.1,2.6,457.2,1.35,0.0,5.35
Chase Daniel,DET,QB,0.0,18.5,11.15,0.85,0.9,177.75,0.0,0.0,0.0,2.85,0.0,12.75
Chase Edmonds,ARI,RB,0.75,0.0,0.0,0.0,0.0,0.0,19.8,0.9,136.45,103.2,3.9,418.25
Chris Carson,SEA,RB,2.7,0.0,0.0,0.0,0.0,0.0,28.1,1.15,212.35,239.75,7.9,1075.95
Chris Conley,JAC,WR,0.75,0.0,0.0,0.0,0.0,0.0,41.85,3.05,550.9,0.0,0.0,0.0
Chris Godwin,TB,WR,0.75,0.0,0.0,0.0,0.0,0.0,79.1,7.85,1188.8,1.05,0.05,5.8
Chris Herndon,NYJ,TE,0.0,0.0,0.0,0.0,0.0,0.0,44.0,6.0,563.0,0.0,0.0,0.0
Chris Herndon IV,NYJ,TE,0.0,0.0,0.0,0.0,0.0,0.0,48.8,4.6,585.1,0.0,0.0,0.0
Chris Hogan,NYJ,WR,0.0,0.0,0.0,0.0,0.0,0.0,21.7,1.6,287.4,0.0,0.0,0.0
Chris Manhertz,CAR,TE,0.0,0.0,0.0,0.0,0.0,0.0,9.85,0.9,127.3,0.0,0.0,0.0
Chris Moore,BAL,WR,0.0,0.0,0.0,0.0,0.0,0.0,4.0,0.3,45.6,0.0,0.0,0.0
Chris Thompson,JAC,RB,0.75,0.0,0.0,0.0,0.0,0.0,43.85,1.2,353.0,47.05,1.15,225.4
Christian Blake,ATL,WR,0.0,0.0,0.0,0.0,0.0,0.0,10.5,0.5,120.0,0.0,0.0,0.0
Christian Kirk,ARI,WR,0.75,0.0,0.0,0.0,0.0,0.0,71.35,4.9,824.5,6.85,0.0,63.5
Christian McCaffrey,CAR,RB,3.1,0.0,0.0,0.0,0.0,0.0,108.4,4.75,912.35,249.35,8.75,1132.45
Clyde Edwards-Helaire,KC,RB,2.6,0.0,0.0,0.0,0.0,0.0,50.2,3.55,513.95,196.65,9.1,876.7
Cody Core,NYG,WR,0.0,0.0,0.0,0.0,0.0,0.0,5.9,0.6,79.2,0.0,0.0,0.0
Cody Holliste,TEN,WR,0.0,0.0,0.0,0.0,0.0,0.0,4.6,0.4,76.5,0.0,0.0,0.0
Colby Parkinson,SEA,TE,0.0,0.0,0.0,0.0,0.0,0.0,6.0,1.0,67.0,0.0,0.0,0.0
Cole Beasley,BUF,WR,0.75,0.0,0.0,0.0,0.0,0.0,59.3,4.6,693.45,0.0,0.0,0.0
Cole Kmet,CHI,TE,0.75,0.0,0.0,0.0,0.0,0.0,32.1,2.45,329.85,0.0,0.0,0.0
Collin Johnson,JAC,WR,0.0,0.0,0.0,0.0,0.0,0.0,0.6,0.0,6.8,0.0,0.0,0.0
Colt McCoy,NYG,QB,0.0,23.15,14.35,0.85,0.85,157.35,0.0,0.0,0.0,1.35,0.0,7.35
Cooper Kupp,LAR,WR,0.75,0.0,0.0,0.0,0.0,0.0,87.15,8.9,1076.75,2.65,0.0,11.35
Cordarrelle Patterson,CHI,WR,0.0,0.0,0.0,0.0,0.0,0.0,11.3,0.5,112.4,22.0,1.1,135.8
Corey Clement,PHI,RB,0.75,0.0,0.0,0.0,0.0,0.0,9.05,0.05,73.0,39.5,1.0,157.0
Corey Davis,TEN,WR,0.75,0.0,0.0,0.0,0.0,0.0,47.85,3.35,669.45,2.25,0.0,20.85
Courtland Sutton,DEN,WR,0.75,0.0,0.0,0.0,0.0,0.0,67.5,6.55,1070.7,1.4,0.0,4.45
Cullen Gillaspia,HOU,RB,0.0,0.0,0.0,0.0,0.0,0.0,1.0,0.0,6.9,1.5,0.0,5.9
Curtis Samuel,CAR,WR,0.75,0.0,0.0,0.0,0.0,0.0,43.4,4.5,519.9,18.8,1.55,140.45
D'Andre Swift,DET,RB,2.35,0.0,0.0,0.0,0.0,0.0,32.5,1.65,334.6,142.75,3.7,579.3
D'Ernest Johnson,CLE,RB,0.0,0.0,0.0,0.0,0.0,0.0,4.25,0.0,46.4,16.0,0.65,66.9
D.J. Chark,JAC,WR,0.75,0.0,0.0,0.0,0.0,0.0,72.75,6.5,993.35,1.0,0.0,10.85
D.J. Moore,CAR,WR,1.5,0.0,0.0,0.0,0.0,0.0,83.4,4.85,1216.45,7.2,0.05,73.55
D.K. Metcalf,SEA,WR,1.5,0.0,0.0,0.0,0.0,0.0,66.1,7.3,1002.9,1.1,0.0,6.5
DK Metcalf,SEA,WR,3.0,0.0,0.0,0.0,0.0,0.0,66.0,8.0,1055.0,2.0,0.0,10.0
DaeSean Hamilton,DEN,WR,0.0,0.0,0.0,0.0,0.0,0.0,12.3,0.7,130.1,0.0,0.0,0.0
Dak Prescott,DAL,QB,3.15,580.45,381.45,12.55,29.6,4628.45,0.0,0.0,0.0,64.7,4.35,277.7
Dallas Goedert,PHI,TE,0.75,0.0,0.0,0.0,0.0,0.0,52.8,4.75,547.3,0.0,0.0,0.0
Dalton Keene,NE,TE,1.0,0.0,0.0,0.0,0.0,0.0,29.0,2.0,294.0,0.0,0.0,0.0
Dalton Schultz,DAL,TE,0.0,0.0,0.0,0.0,0.0,0.0,16.05,0.75,177.65,0.0,0.0,0.0
Dalvin Cook,MIN,RB,2.85,0.0,0.0,0.0,0.0,0.0,55.55,1.45,498.7,268.4,10.4,1181.15
Damien Harris,NE,RB,1.5,0.0,0.0,0.0,0.0,0.0,7.25,0.05,63.15,119.55,3.15,407.95
Damiere Byrd,NE,WR,0.0,0.0,0.0,0.0,0.0,0.0,23.5,2.0,297.3,0.0,0.0,0.0
Damion Ratley,NYG,WR,0.0,0.0,0.0,0.0,0.0,0.0,10.0,0.8,130.4,0.0,0.0,0.0
Dan Arnold,ARI,TE,0.0,0.0,0.0,0.0,0.0,0.0,22.3,1.9,272.4,0.0,0.0,0.0
Daniel Jones,NYG,QB,10.95,574.1,362.1,17.0,25.0,3961.7,0.0,0.0,0.0,56.7,2.75,318.0
Danny Amendola,DET,WR,0.75,0.0,0.0,0.0,0.0,0.0,66.15,3.55,703.95,0.65,0.0,0.0
Dante Pettis,SF,WR,0.0,0.0,0.0,0.0,0.0,0.0,4.0,0.4,70.6,0.0,0.0,0.0
Darius Slayton,NYG,WR,0.75,0.0,0.0,0.0,0.0,0.0,52.85,6.4,799.35,0.0,0.0,0.0
Darrel Williams,KC,RB,1.65,0.0,0.0,0.0,0.0,0.0,13.55,0.95,124.65,97.55,4.65,325.75
Darrell Daniels,ARI,TE,0.0,0.0,0.0,0.0,0.0,0.0,0.8,0.0,9.4,0.0,0.0,0.0
Darrell Henderson,LAR,RB,1.65,0.0,0.0,0.0,0.0,0.0,20.2,0.95,172.2,125.85,2.9,468.4
Darren Fells,HOU,TE,0.0,0.0,0.0,0.0,0.0,0.0,31.8,4.4,314.7,0.0,0.0,0.0
Darren Walle,LV,TE,0.75,0.0,0.0,0.0,0.0,0.0,77.25,4.3,957.35,0.0,0.0,0.0
Darrynton Evans,TEN,RB,1.65,0.0,0.0,0.0,0.0,0.0,23.25,1.0,222.35,79.05,2.15,352.65
Darwin Thompson,KC,RB,0.8,0.0,0.0,0.0,0.0,0.0,9.75,0.1,51.35,42.4,0.85,166.1
Davante Adams,GB,WR,0.75,0.0,0.0,0.0,0.0,0.0,108.65,10.65,1385.65,0.0,0.0,0.0
David Blough,DET,QB,0.0,23.0,14.0,1.0,1.0,159.0,0.0,0.0,0.0,4.0,0.0,17.0
David Fales,NYJ,QB,0.0,1.0,1.0,0.0,0.0,6.0,0.0,0.0,0.0,0.0,0.0,0.0
David Johnson,HOU,RB,1.95,0.0,0.0,0.0,0.0,0.0,41.05,3.5,417.0,207.55,4.6,802.6
David Montgomery,CHI,RB,1.95,0.0,0.0,0.0,0.0,0.0,19.55,0.9,151.6,212.35,6.25,783.35
David Moore,SEA,WR,0.0,0.0,0.0,0.0,0.0,0.0,20.3,2.0,273.8,0.6,0.0,3.9
David Njoku,CLE,TE,0.25,0.0,0.0,0.0,0.0,0.0,36.15,3.1,406.8,0.0,0.0,0.0
Dawson Knox,BUF,TE,0.0,0.0,0.0,0.0,0.0,0.0,36.4,3.0,487.05,0.0,0.0,0.0
DeAndre Carte,HOU,WR,0.0,0.0,0.0,0.0,0.0,0.0,6.0,0.5,93.2,0.0,0.0,0.0
DeAndre Hopkins,ARI,WR,0.75,0.0,0.0,0.0,0.0,0.0,99.0,7.8,1185.75,0.75,0.0,3.25
DeAndre Washington,KC,RB,0.0,0.0,0.0,0.0,0.0,0.0,14.0,1.0,104.0,34.0,1.0,135.0
DeAndrew White,BAL,WR,0.0,0.0,0.0,0.0,0.0,0.0,1.4,0.1,17.2,0.0,0.0,0.0
DeSean Jackson,PHI,WR,0.75,0.0,0.0,0.0,0.0,0.0,49.85,5.05,766.05,5.65,0.7,29.75
DeVante Parke,MIA,WR,0.75,0.0,0.0,0.0,0.0,0.0,69.0,6.2,1044.45,0.2,0.0,1.3
Dede Westbrook,JAC,WR,0.5,0.0,0.0,0.0,0.0,0.0,54.7,2.9,591.7,3.8,0.1,28.8
DeeJay Dallas,SEA,RB,0.8,0.0,0.0,0.0,0.0,0.0,18.5,0.7,179.65,47.8,1.45,200.55
Deebo Samuel,SF,WR,0.75,0.0,0.0,0.0,0.0,0.0,53.5,3.55,739.25,14.35,1.5,173.65
Demarcus Robinson,KC,WR,0.0,0.0,0.0,0.0,0.0,0.0,16.3,1.6,223.2,0.0,0.0,0.0
Demetrius Harris,CHI,TE,0.0,0.0,0.0,0.0,0.0,0.0,14.4,2.15,137.25,0.0,0.0,0.0
Denzel Mims,NYJ,WR,0.75,0.0,0.0,0.0,0.0,0.0,33.75,1.95,482.4,1.35,0.0,5.35
Deon Yelde,KC,TE,0.0,0.0,0.0,0.0,0.0,0.0,5.6,0.7,60.9,0.0,0.0,0.0
Deonte Harris,NO,WR,0.0,0.0,0.0,0.0,0.0,0.0,6.8,0.5,79.3,0.0,0.0,0.0
Derek Ca,LV,QB,4.05,493.1,341.3,10.7,23.0,3774.05,0.0,0.0,0.0,25.0,1.65,69.6
Derek Carrie,LV,TE,0.0,0.0,0.0,0.0,0.0,0.0,9.4,1.6,82.45,0.0,0.0,0.0
Derek Watt,PIT,RB,0.0,0.0,0.0,0.0,0.0,0.0,4.5,0.2,30.9,4.2,0.2,14.2
Derrick Henry,TEN,RB,2.7,0.0,0.0,0.0,0.0,0.0,19.75,1.0,171.6,298.75,11.55,1534.7
Deshaun Watson,HOU,QB,2.4,523.05,347.65,14.45,24.95,4046.8,0.0,0.0,0.0,92.95,5.4,505.15
Devin Asiasi,NE,TE,0.75,0.0,0.0,0.0,0.0,0.0,36.1,2.7,361.95,0.0,0.0,0.0
Devin Duvernay,BAL,WR,0.75,0.0,0.0,0.0,0.0,0.0,24.85,2.4,363.15,2.0,0.0,14.0
Devin Singletary,BUF,RB,1.8,0.0,0.0,0.0,0.0,0.0,36.65,1.75,285.1,154.2,3.45,799.15
Devine Ozigbo,JAC,RB,1.6,0.0,0.0,0.0,0.0,0.0,22.85,0.8,196.45,111.35,2.2,433.75
Devontae Booke,LV,RB,0.0,0.0,0.0,0.0,0.0,0.0,8.4,0.1,67.6,22.85,0.8,111.8
Dezmon Patmon,IND,WR,0.0,0.0,0.0,0.0,0.0,0.0,12.5,0.9,158.0,0.0,0.0,0.0
Dion Lewis,NYG,RB,0.85,0.0,0.0,0.0,0.0,0.0,29.05,0.9,182.4,59.8,0.9,196.15
Diontae Johnson,PIT,WR,1.5,0.0,0.0,0.0,0.0,0.0,69.3,6.4,833.1,3.8,0.0,34.45
Diontae Spence,DEN,WR,0.0,0.0,0.0,0.0,0.0,0.0,2.0,0.1,24.1,0.0,0.0,0.0
Donald Parham,LAC,TE,0.0,0.0,0.0,0.0,0.0,0.0,10.0,1.0,113.0,0.0,0.0,0.0
Donovan Peoples-Jones,CLE,WR,0.0,0.0,0.0,0.0,0.0,0.0,14.0,1.1,171.7,0.0,0.0,0.0
Dontrelle Inman,WAS,WR,0.0,0.0,0.0,0.0,0.0,0.0,34.5,2.7,476.2,0.0,0.0,0.0
Drew Brees,NO,QB,0.85,527.4,376.2,10.0,30.3,4030.1,0.0,0.0,0.0,23.0,1.55,30.8
Drew Lock,DEN,QB,3.5,534.25,341.45,13.9,22.9,3788.75,0.0,0.0,0.0,39.05,0.6,167.9
Drew Sample,CIN,TE,0.5,0.0,0.0,0.0,0.0,0.0,14.65,0.85,134.7,0.0,0.0,0.0
Duke Johnson,HOU,RB,0.85,0.0,0.0,0.0,0.0,0.0,35.85,2.1,317.05,95.55,1.95,459.0
Durham Smythe,MIA,TE,0.0,0.0,0.0,0.0,0.0,0.0,9.2,0.75,81.15,0.0,0.0,0.0
Dwayne Haskins,WAS,QB,2.5,437.6,270.4,15.4,17.6,2975.7,0.0,0.0,0.0,27.35,0.4,118.15
Dwayne Washington,NO,RB,0.0,0.0,0.0,0.0,0.0,0.0,0.9,0.0,6.4,5.0,0.2,19.9
Elijhaa Penny,NYG,RB,0.0,0.0,0.0,0.0,0.0,0.0,4.1,0.1,25.2,0.0,0.3,47.6
Emmanuel Sanders,NO,WR,0.75,0.0,0.0,0.0,0.0,0.0,63.85,4.85,749.8,1.35,0.0,14.65
Eno Benjamin,ARI,RB,0.05,0.0,0.0,0.0,0.0,0.0,4.5,0.05,34.4,25.0,0.95,113.25
Equanimeous St. Brown,GB,WR,0.0,0.0,0.0,0.0,0.0,0.0,28.4,2.1,363.5,0.3,0.0,2.0
Eric Ebron,PIT,TE,0.0,0.0,0.0,0.0,0.0,0.0,46.8,4.55,517.0,0.0,0.0,0.0
Eric Saubert,CHI,TE,0.0,0.0,0.0,0.0,0.0,0.0,4.6,0.3,45.0,0.0,0.0,0.0
Evan Engram,NYG,TE,0.75,0.0,0.0,0.0,0.0,0.0,68.55,5.0,804.75,0.0,0.0,0.0
Ezekiel Elliott,DAL,RB,3.3,0.0,0.0,0.0,0.0,0.0,66.0,2.8,530.2,287.0,9.3,1289.35
Foster Moreau,LV,TE,0.0,0.0,0.0,0.0,0.0,0.0,11.5,1.1,103.15,0.0,0.0,0.0
Frank Gore,NYJ,RB,0.75,0.0,0.0,0.0,0.0,0.0,12.15,0.15,98.65,112.0,1.95,354.05
Freddie Swain,SEA,WR,0.0,0.0,0.0,0.0,0.0,0.0,1.6,0.1,20.5,0.0,0.0,0.0
Gabriel Davis,BUF,WR,0.0,0.0,0.0,0.0,0.0,0.0,11.6,0.9,163.0,0.0,0.0,0.0
Gardner Minshew,JAC,QB,6.75,555.6,343.55,11.5,22.5,3808.55,0.0,0.0,0.0,74.75,1.4,369.1
Garrett Griffin,NO,TE,0.0,0.0,0.0,0.0,0.0,0.0,12.0,2.0,111.0,0.0,0.0,0.0
Gehrig Diete,KC,WR,0.0,0.0,0.0,0.0,0.0,0.0,3.6,0.3,46.2,0.0,0.0,0.0
Geno Smith,SEA,QB,0.05,16.0,8.0,0.35,1.15,148.1,0.0,0.0,0.0,5.0,0.05,10.45
Geoff Swaim,JAC,TE,0.0,0.0,0.0,0.0,0.0,0.0,8.0,1.0,81.0,0.0,0.0,0.0
Geoff Swaim,TEN,TE,0.0,0.0,0.0,0.0,0.0,0.0,8.0,1.0,81.0,0.0,0.0,0.0
George Kittle,SF,TE,0.75,0.0,0.0,0.0,0.0,0.0,87.35,6.2,1135.5,0.0,0.0,0.0
Gerald Everett,LAR,TE,0.0,0.0,0.0,0.0,0.0,0.0,38.05,2.75,403.0,0.0,0.0,0.0
Giovani Bernard,CIN,RB,0.75,0.0,0.0,0.0,0.0,0.0,33.3,0.35,240.15,84.95,2.4,285.15
Golden Tate,NYG,WR,0.75,0.0,0.0,0.0,0.0,0.0,65.85,5.05,799.1,2.3,0.0,19.2
Greg Olsen,SEA,TE,0.0,0.0,0.0,0.0,0.0,0.0,38.05,3.8,465.2,0.0,0.0,0.0
Greg Ward,PHI,WR,0.75,0.0,0.0,0.0,0.0,0.0,38.4,2.2,435.1,2.2,0.0,10.8
Gunner Olszewski,NE,WR,0.0,0.0,0.0,0.0,0.0,0.0,21.1,1.2,243.7,0.0,0.0,0.0
Gus Edwards,BAL,RB,0.8,0.0,0.0,0.0,0.0,0.0,4.25,0.05,30.5,66.8,1.75,362.4
Hale Hentges,WAS,TE,0.0,0.0,0.0,0.0,0.0,0.0,1.0,0.0,10.8,0.0,0.0,0.0
Harrison Bryant,CLE,TE,0.5,0.0,0.0,0.0,0.0,0.0,20.0,1.5,236.0,0.0,0.0,0.0
Hayden Hurst,ATL,TE,0.75,0.0,0.0,0.0,0.0,0.0,61.1,4.25,730.9,0.0,0.0,0.0
Henry Ruggs,LV,WR,1.0,0.0,0.0,0.0,0.0,0.0,55.8,4.8,778.3,3.6,0.1,24.6
Hunter Henry,LAC,TE,0.75,0.0,0.0,0.0,0.0,0.0,62.7,5.6,748.7,0.0,0.0,0.0
Hunter Renfrow,LV,WR,0.75,0.0,0.0,0.0,0.0,0.0,59.4,5.15,724.8,0.0,0.0,0.0
Ian Thomas,CAR,TE,0.75,0.0,0.0,0.0,0.0,0.0,56.6,3.9,547.35,0.0,0.0,0.0
Irv Smith,MIN,TE,0.75,0.0,0.0,0.0,0.0,0.0,47.85,2.9,463.6,0.0,0.0,0.0
Isaiah Ford,MIA,WR,0.0,0.0,0.0,0.0,0.0,0.0,24.5,1.7,293.3,0.0,0.0,0.0
Isaiah McKenzie,BUF,WR,0.0,0.0,0.0,0.0,0.0,0.0,14.2,1.0,148.8,0.0,0.0,0.0
Isaiah Wright,WAS,WR,0.0,0.0,0.0,0.0,0.0,0.0,0.6,0.1,8.6,0.0,0.0,0.0
Ito Smith,ATL,RB,0.8,0.0,0.0,0.0,0.0,0.0,26.85,0.25,173.4,83.85,3.75,308.25
J.D. McKissic,WAS,RB,0.75,0.0,0.0,0.0,0.0,0.0,16.65,0.8,99.75,34.4,0.15,150.6
J.J. Arcega-Whiteside,PHI,WR,0.0,0.0,0.0,0.0,0.0,0.0,18.0,1.6,216.9,0.4,0.0,2.9
J.J. Taylo,NE,RB,0.0,0.0,0.0,0.0,0.0,0.0,3.0,0.0,34.0,39.0,1.0,145.0
J.K. Dobbins,BAL,RB,2.4,0.0,0.0,0.0,0.0,0.0,14.9,0.85,129.1,163.6,4.65,787.25
J.P. Holtz,CHI,TE,0.0,0.0,0.0,0.0,0.0,0.0,8.75,0.8,97.05,0.0,0.0,0.0
Jace Sternberge,GB,TE,0.25,0.0,0.0,0.0,0.0,0.0,28.95,3.1,283.3,0.0,0.0,0.0
Jack Doyle,IND,TE,0.75,0.0,0.0,0.0,0.0,0.0,53.85,4.5,551.2,0.0,0.0,0.0
Jacob Eason,IND,QB,0.0,10.0,6.0,0.0,0.0,64.0,0.0,0.0,0.0,1.0,0.0,2.0
Jacob Holliste,SEA,TE,0.0,0.0,0.0,0.0,0.0,0.0,15.35,1.3,147.65,0.0,0.0,0.0
Jacoby Brissett,IND,QB,0.05,8.25,4.5,0.25,0.35,125.4,0.0,0.0,0.0,1.5,0.05,9.85
Jaeden Graham,ATL,TE,0.0,0.0,0.0,0.0,0.0,0.0,16.95,1.0,206.75,0.0,0.0,0.0
Jake Butt,DEN,TE,0.0,0.0,0.0,0.0,0.0,0.0,10.25,0.45,102.45,0.0,0.0,0.0
Jake Fromm,BUF,QB,0.0,4.0,2.0,0.0,0.0,27.0,0.0,0.0,0.0,0.0,0.0,1.0
Jake Luton,JAC,QB,0.0,17.0,11.0,0.0,1.0,116.0,0.0,0.0,0.0,1.0,0.0,3.0
Jakeem Grant,MIA,WR,0.75,0.0,0.0,0.0,0.0,0.0,38.75,2.25,437.05,3.8,1.4,13.95
Jakob Johnson,NE,RB,0.0,0.0,0.0,0.0,0.0,0.0,1.8,0.2,13.9,1.4,0.0,5.5
Jakobi Meyers,NE,WR,0.0,0.0,0.0,0.0,0.0,0.0,26.2,2.0,339.8,0.0,0.0,0.0
Jalen Guyton,LAC,WR,0.0,0.0,0.0,0.0,0.0,0.0,8.0,0.5,104.3,0.0,0.0,0.0
Jalen Hurts,PHI,QB,4.6,22.25,13.0,0.55,1.5,246.45,0.0,0.0,0.0,34.0,1.65,170.65
Jalen Reago,PHI,WR,1.5,0.0,0.0,0.0,0.0,0.0,45.4,3.45,646.45,1.9,0.05,9.25
Jalen Richard,LV,RB,2.55,0.0,0.0,0.0,0.0,0.0,33.9,0.4,304.55,82.45,1.8,352.85
Jamaal Williams,GB,RB,0.75,0.0,0.0,0.0,0.0,0.0,25.7,1.65,185.05,67.15,1.25,256.3
Jameis Winston,NO,QB,0.05,18.5,12.0,0.25,1.1,191.45,0.0,0.0,0.0,3.0,0.05,15.8
James Conne,PIT,RB,2.7,0.0,0.0,0.0,0.0,0.0,40.6,2.05,331.2,225.85,6.8,937.2
James O'Shaughnessy,JAC,TE,0.0,0.0,0.0,0.0,0.0,0.0,25.85,1.25,253.1,0.0,0.0,0.0
James Proche,BAL,WR,0.0,0.0,0.0,0.0,0.0,0.0,10.1,0.8,141.7,0.0,0.0,0.0
James Robinson,JAC,RB,1.6,0.0,0.0,0.0,0.0,0.0,20.25,0.75,182.1,99.8,1.85,400.95
James Washington,PIT,WR,0.75,0.0,0.0,0.0,0.0,0.0,36.15,2.45,550.2,0.0,0.0,0.0
James White,NE,RB,0.75,0.0,0.0,0.0,0.0,0.0,62.85,3.85,540.7,67.5,1.8,258.75
Jamison Crowde,NYJ,WR,0.75,0.0,0.0,0.0,0.0,0.0,72.7,5.9,845.1,2.0,0.0,12.65
Jared Cook,NO,TE,0.0,0.0,0.0,0.0,0.0,0.0,49.1,6.3,675.55,0.0,0.0,0.0
Jared Goff,LAR,QB,3.3,601.85,381.25,15.4,25.05,4443.9,0.0,0.0,0.0,38.75,1.05,80.2
Jarrett Stidham,NE,QB,0.0,16.65,10.35,0.35,0.5,114.5,0.0,0.0,0.0,2.85,0.0,5.85
Jarvis Landry,CLE,WR,0.75,0.0,0.0,0.0,0.0,0.0,72.75,5.25,994.8,1.35,0.65,25.35
Jason Croom,BUF,TE,0.0,0.0,0.0,0.0,0.0,0.0,2.3,0.2,23.2,0.0,0.0,0.0
Jason Huntley,PHI,RB,0.0,0.0,0.0,0.0,0.0,0.0,1.1,0.1,8.6,0.0,0.1,12.8
Jason Moore,LAC,WR,0.0,0.0,0.0,0.0,0.0,0.0,3.9,0.2,46.4,0.0,0.0,0.0
Jason Witten,LV,TE,0.0,0.0,0.0,0.0,0.0,0.0,16.1,1.3,139.85,0.0,0.0,0.0
Javon Wims,CHI,WR,0.0,0.0,0.0,0.0,0.0,0.0,12.6,0.9,140.7,0.0,0.0,0.0
Jaylen Samuels,PIT,RB,0.0,0.0,0.0,0.0,0.0,0.0,16.1,0.3,117.2,32.8,0.6,97.1
Jeff Driskel,DEN,QB,0.05,21.35,12.15,1.1,1.0,171.95,0.0,0.0,0.0,2.85,0.05,18.2
Jeff Smith,NYJ,WR,0.0,0.0,0.0,0.0,0.0,0.0,5.6,0.4,68.3,0.0,0.0,0.0
Jeff Wilson,SF,RB,0.1,0.0,0.0,0.0,0.0,0.0,1.7,0.05,13.7,30.45,1.6,123.0
Jeremy Sprinkle,WAS,TE,0.0,0.0,0.0,0.0,0.0,0.0,23.35,1.1,207.5,0.0,0.0,0.0
Jerick McKinnon,SF,RB,1.6,0.0,0.0,0.0,0.0,0.0,22.1,0.8,206.5,108.35,3.5,476.95
Jerry Jeudy,DEN,WR,1.5,0.0,0.0,0.0,0.0,0.0,54.0,4.05,814.3,1.35,0.0,5.35
Jesper Horsted,CHI,TE,2.0,0.0,0.0,0.0,0.0,0.0,16.2,1.1,150.4,0.0,0.0,0.0
Jesse James,DET,TE,0.0,0.0,0.0,0.0,0.0,0.0,23.2,1.2,279.75,0.0,0.0,0.0
Jimmy Garoppolo,SF,QB,3.4,471.75,316.0,17.2,26.5,3806.0,0.0,0.0,0.0,45.1,1.15,85.0
Jimmy Graham,CHI,TE,0.25,0.0,0.0,0.0,0.0,0.0,43.3,2.15,456.75,0.0,0.0,0.0
JoJo Natson,CLE,WR,0.0,0.0,0.0,0.0,0.0,0.0,0.7,0.0,19.4,0.0,0.0,0.0
Joe Burrow,CIN,QB,4.8,574.2,354.1,14.65,22.8,3938.25,0.0,0.0,0.0,34.6,1.4,195.0
Joe Flacco,NYJ,QB,0.0,13.5,8.25,0.75,0.75,93.75,0.0,0.0,0.0,2.25,0.0,8.25
Joe Mixon,CIN,RB,2.4,0.0,0.0,0.0,0.0,0.0,41.95,1.85,323.2,271.95,7.85,1148.95
Joe Reed,LAC,WR,0.75,0.0,0.0,0.0,0.0,0.0,25.15,1.65,400.0,2.0,0.0,8.65
John Brown,BUF,WR,0.75,0.0,0.0,0.0,0.0,0.0,54.0,5.7,833.7,2.85,0.05,9.6
John Hightowe,PHI,WR,0.0,0.0,0.0,0.0,0.0,0.0,3.3,0.3,56.3,0.0,0.0,0.0
John Ross,CIN,WR,0.75,0.0,0.0,0.0,0.0,0.0,30.8,4.8,448.75,4.15,0.0,11.3
John Ursua,SEA,WR,0.0,0.0,0.0,0.0,0.0,0.0,4.6,0.4,63.1,0.0,0.0,0.0
John Wolford,LAR,QB,0.1,19.0,12.0,0.6,1.35,234.3,0.0,0.0,0.0,1.0,0.2,29.2
Johnny Mundt,LAR,TE,0.0,0.0,0.0,0.0,0.0,0.0,4.7,0.4,48.6,0.0,0.0,0.0
Jonathan Taylo,IND,RB,2.5,0.0,0.0,0.0,0.0,0.0,21.15,1.05,204.2,201.65,6.35,877.4
Jonnu Smith,TEN,TE,0.75,0.0,0.0,0.0,0.0,0.0,48.6,5.35,584.2,0.0,0.0,0.0
Jordan Akins,HOU,TE,0.0,0.0,0.0,0.0,0.0,0.0,28.15,1.25,319.95,0.0,0.0,0.0
Jordan Franks,CIN,TE,0.0,0.0,0.0,0.0,0.0,0.0,1.5,0.2,14.9,0.0,0.0,0.0
Jordan Howard,MIA,RB,1.6,0.0,0.0,0.0,0.0,0.0,17.9,0.75,130.75,177.3,6.25,687.3
Jordan Love,GB,QB,0.0,18.5,10.75,0.0,1.0,126.5,0.0,0.0,0.0,2.5,0.0,10.75
Jordan Reed,SF,TE,0.25,0.0,0.0,0.0,0.0,0.0,23.3,1.8,269.3,0.0,0.0,0.0
Jordan Wilkins,IND,RB,0.1,0.0,0.0,0.0,0.0,0.0,3.1,0.2,22.3,13.8,0.8,88.3
Josh Allen,BUF,QB,3.45,533.2,310.2,15.1,22.15,3544.5,0.0,0.0,0.0,110.7,7.4,661.35
Josh Bellamy,NYJ,WR,0.0,0.0,0.0,0.0,0.0,0.0,1.6,0.1,19.2,0.0,0.0,0.0
Josh Gordon,SEA,WR,0.0,0.0,0.0,0.0,0.0,0.0,34.0,3.0,602.0,1.0,0.0,1.0
Josh Hill,NO,TE,0.0,0.0,0.0,0.0,0.0,0.0,21.6,1.65,200.25,0.0,0.0,0.0
Josh Jacobs,LV,RB,2.55,0.0,0.0,0.0,0.0,0.0,33.2,0.4,269.65,274.45,9.65,1265.8
Josh Reynolds,LAR,WR,0.0,0.0,0.0,0.0,0.0,0.0,34.7,2.9,482.7,4.35,0.05,24.4
Joshua Kelley,LAC,RB,1.55,0.0,0.0,0.0,0.0,0.0,5.65,0.1,49.8,126.8,4.25,492.35
Joshua Perkins,PHI,TE,0.0,0.0,0.0,0.0,0.0,0.0,9.5,0.8,99.0,0.0,0.0,0.0
Josiah Deguara,GB,TE,1.0,0.0,0.0,0.0,0.0,0.0,18.0,1.0,185.5,0.0,0.0,0.0
JuJu Smith-Schuste,PIT,WR,0.75,0.0,0.0,0.0,0.0,0.0,86.3,6.05,1127.2,0.65,0.0,5.35
Julian Edelman,NE,WR,0.75,0.0,0.0,0.0,0.0,0.0,82.25,5.0,947.4,11.3,0.05,71.95
Julio Jones,ATL,WR,0.75,0.0,0.0,0.0,0.0,0.0,108.15,6.4,1505.75,1.4,0.0,3.05
Justice Hill,BAL,RB,0.8,0.0,0.0,0.0,0.0,0.0,9.15,0.1,73.55,42.8,1.6,176.65
Justin Herbert,LAC,QB,0.2,50.15,30.0,2.45,2.8,535.5,0.0,0.0,0.0,6.35,0.3,58.8
Justin Jackson,LAC,RB,0.8,0.0,0.0,0.0,0.0,0.0,13.4,0.1,95.2,75.45,1.7,358.1
Justin Jefferson,MIN,WR,0.75,0.0,0.0,0.0,0.0,0.0,48.45,4.0,731.15,1.7,0.05,10.45
Justin Watson,TB,WR,0.0,0.0,0.0,0.0,0.0,0.0,7.9,0.4,105.5,0.4,0.0,2.7
K.J. Hamle,DEN,WR,1.0,0.0,0.0,0.0,0.0,0.0,33.0,2.0,517.0,2.0,0.0,8.0
K.J. Hill,LAC,WR,0.0,0.0,0.0,0.0,0.0,0.0,14.3,1.1,177.8,0.0,0.0,0.0
K.J. Osborn,MIN,WR,0.0,0.0,0.0,0.0,0.0,0.0,6.0,0.0,83.0,0.0,0.0,0.0
KJ Hamle,DEN,WR,0.5,0.0,0.0,0.0,0.0,0.0,27.9,2.1,386.0,0.7,0.0,2.7
Kaden Smith,NYG,TE,0.0,0.0,0.0,0.0,0.0,0.0,11.4,0.85,110.15,0.0,0.0,0.0
Kahale Warring,HOU,TE,0.0,0.0,0.0,0.0,0.0,0.0,10.0,1.0,112.0,0.0,0.0,0.0
Kalif Raymond,TEN,WR,0.0,0.0,0.0,0.0,0.0,0.0,13.0,1.3,202.2,0.0,0.0,0.0
Kareem Hunt,CLE,RB,1.5,0.0,0.0,0.0,0.0,0.0,40.3,2.65,378.2,119.05,5.1,518.15
Ke'Shawn Vaughn,TB,RB,0.0,0.0,0.0,0.0,0.0,0.0,2.0,0.0,19.55,26.3,0.7,92.15
KeeSean Johnson,ARI,WR,0.0,0.0,0.0,0.0,0.0,0.0,6.3,0.5,82.8,0.0,0.0,0.0
Keelan Cole,JAC,WR,0.75,0.0,0.0,0.0,0.0,0.0,32.6,2.5,471.3,0.85,0.0,3.95
Keenan Allen,LAC,WR,0.75,0.0,0.0,0.0,0.0,0.0,88.25,6.05,1098.95,6.45,0.05,45.55
Keith Kirkwood,CAR,WR,0.0,0.0,0.0,0.0,0.0,0.0,3.7,0.2,47.6,0.0,0.0,0.0
Keith Smith,ATL,RB,0.0,0.0,0.0,0.0,0.0,0.0,4.7,0.2,28.0,5.8,0.2,23.6
Keke Coutee,HOU,WR,0.0,0.0,0.0,0.0,0.0,0.0,6.0,0.4,65.0,3.7,0.2,24.5
Kendrick Bourne,SF,WR,0.0,0.0,0.0,0.0,0.0,0.0,32.2,3.55,395.7,0.4,0.05,2.8
Kenny Golladay,DET,WR,0.75,0.0,0.0,0.0,0.0,0.0,71.25,8.45,1202.75,0.65,0.0,3.35
Kenny Stills,HOU,WR,0.0,0.0,0.0,0.0,0.0,0.0,32.25,3.55,474.9,0.0,0.0,0.0
Kenyan Drake,ARI,RB,1.85,0.0,0.0,0.0,0.0,0.0,57.35,2.6,434.35,187.6,7.7,838.55
Kerryon Johnson,DET,RB,1.9,0.0,0.0,0.0,0.0,0.0,28.05,1.0,233.3,138.6,4.65,612.85
Khadarel Hodge,CLE,WR,0.0,0.0,0.0,0.0,0.0,0.0,9.7,0.7,122.5,0.0,0.0,0.0
Khari Blasingame,TEN,RB,0.0,0.0,0.0,0.0,0.0,0.0,4.8,0.2,36.2,13.2,0.0,33.1
Kirk Cousins,MIN,QB,4.65,477.95,324.45,10.6,25.45,3728.75,0.0,0.0,0.0,38.7,1.0,92.2
Kyle Allen,WAS,QB,0.0,13.5,8.25,0.75,0.75,91.5,0.0,0.0,0.0,1.5,0.0,5.25
Kyle Juszczyk,SF,RB,0.5,0.0,0.0,0.0,0.0,0.0,24.1,1.4,234.3,10.5,0.2,26.1
Kyle Rudolph,MIN,TE,0.0,0.0,0.0,0.0,0.0,0.0,41.8,4.05,433.25,0.0,0.0,0.0
Kyler Murray,ARI,QB,1.95,562.15,364.85,13.9,24.8,3901.85,0.0,0.0,0.0,86.25,3.1,515.4
LV  Henry Ruggs,LV,WR,2.0,0.0,0.0,0.0,0.0,0.0,50.0,5.0,874.0,2.0,0.0,11.0
Lamar Jackson,BAL,QB,2.7,468.75,301.25,13.05,31.85,3507.5,0.0,0.0,0.0,153.9,4.9,958.45
Lamical Perine,NYJ,RB,0.3,0.0,0.0,0.0,0.0,0.0,10.8,0.3,77.2,35.8,1.2,165.3
Larry Fitzgerald,ARI,WR,0.75,0.0,0.0,0.0,0.0,0.0,50.9,3.7,553.4,0.0,0.0,0.0
Latavius Murray,NO,RB,1.5,0.0,0.0,0.0,0.0,0.0,23.7,0.25,162.1,144.35,5.3,597.5
Laviska Shenault,JAC,WR,1.5,0.0,0.0,0.0,0.0,0.0,42.75,2.6,623.75,18.3,0.3,122.2
Le'Veon Bell,NYJ,RB,2.45,0.0,0.0,0.0,0.0,0.0,60.8,1.3,457.15,218.65,4.95,798.55
LeSean McCoy,TB,RB,0.05,0.0,0.0,0.0,0.0,0.0,7.5,0.15,56.65,35.0,1.35,154.15
Lee Smith,BUF,TE,0.0,0.0,0.0,0.0,0.0,0.0,4.35,0.65,36.3,0.0,0.0,0.0
Leonard Fournette,TB,RB,1.5,0.0,0.0,0.0,0.0,0.0,25.05,0.25,203.9,180.65,7.4,633.85
Levine Toilolo,NYG,TE,0.0,0.0,0.0,0.0,0.0,0.0,22.5,1.4,271.25,0.0,0.0,0.0
Lil'Jordan Humphrey,NO,WR,0.0,0.0,0.0,0.0,0.0,0.0,1.1,0.1,13.5,0.0,0.0,0.0
Logan Thomas,WAS,TE,0.5,0.0,0.0,0.0,0.0,0.0,37.35,2.15,370.65,0.0,0.0,0.0
Logan Woodside,TEN,QB,0.05,15.0,9.75,0.55,1.2,179.0,0.0,0.0,0.0,0.75,0.05,4.65
Luke Stocke,ATL,TE,0.0,0.0,0.0,0.0,0.0,0.0,9.8,0.75,97.35,0.0,0.0,0.0
Luke Willson,SEA,TE,0.0,0.0,0.0,0.0,0.0,0.0,8.4,0.85,78.0,0.0,0.0,0.0
Lynn Bowden,MIA,RB,0.2,0.0,0.0,0.0,0.0,0.0,11.2,0.2,84.5,20.0,0.3,102.2
Mack Hollins,MIA,WR,0.0,0.0,0.0,0.0,0.0,0.0,7.3,0.4,101.6,0.0,0.0,0.0
Malcolm Brown,LAR,RB,0.5,0.0,0.0,0.0,0.0,0.0,9.9,1.1,83.2,98.7,3.1,381.0
Malcolm Perry,MIA,RB,0.0,0.0,0.0,0.0,0.0,0.0,4.0,0.0,38.0,26.0,1.0,99.0
Malcolm Perry,MIA,WR,0.0,0.0,0.0,0.0,0.0,0.0,4.0,0.0,38.0,26.0,1.0,99.0
Malik Turne,DAL,WR,0.0,0.0,0.0,0.0,0.0,0.0,3.5,0.3,42.9,0.0,0.0,0.0
Marcedes Lewis,GB,TE,0.0,0.0,0.0,0.0,0.0,0.0,16.5,0.8,177.85,0.0,0.0,0.0
Marcus Kemp,KC,WR,0.0,0.0,0.0,0.0,0.0,0.0,1.3,0.1,20.4,0.0,0.0,0.0
Marcus Mariota,LV,QB,0.05,25.15,17.0,0.65,1.6,253.45,0.0,0.0,0.0,2.85,0.05,19.8
Mark Andrews,BAL,TE,0.75,0.0,0.0,0.0,0.0,0.0,58.1,8.3,809.75,0.0,0.0,0.0
Mark Ingram,BAL,RB,1.8,0.0,0.0,0.0,0.0,0.0,23.2,2.5,203.35,169.35,6.05,853.9
Marlon Mack,IND,RB,1.6,0.0,0.0,0.0,0.0,0.0,14.35,0.25,90.25,185.7,6.4,817.4
Marquez Valdes-Scantling,GB,WR,0.0,0.0,0.0,0.0,0.0,0.0,27.05,1.9,425.6,1.35,0.0,14.0
Marquise Brown,BAL,WR,0.75,0.0,0.0,0.0,0.0,0.0,62.85,6.7,863.9,12.65,0.65,120.0
Marvin Hall,DET,WR,0.0,0.0,0.0,0.0,0.0,0.0,11.8,1.1,182.3,0.0,0.0,0.0
Marvin Jones,DET,WR,0.75,0.0,0.0,0.0,0.0,0.0,64.0,7.2,857.3,1.4,0.0,0.45
Mason Rudolph,PIT,QB,0.05,23.15,15.0,1.15,1.15,208.5,0.0,0.0,0.0,2.85,0.05,10.6
Matt Barkley,BUF,QB,0.0,14.65,8.85,0.15,0.85,96.15,0.0,0.0,0.0,2.85,0.0,2.85
Matt Breida,MIA,RB,1.75,0.0,0.0,0.0,0.0,0.0,36.8,1.75,276.6,145.6,3.0,628.05
Matt Ryan,ATL,QB,4.1,637.55,426.35,15.25,28.05,4747.2,0.0,0.0,0.0,34.55,1.7,130.75
Matt Schaub,ATL,QB,0.0,19.5,13.5,0.75,0.75,145.5,0.0,0.0,0.0,3.0,0.0,2.25
Matt Slate,NE,WR,0.0,0.0,0.0,0.0,0.0,0.0,1.0,0.1,32.0,0.0,0.0,0.0
Matthew Stafford,DET,QB,4.05,566.95,360.75,14.0,25.65,4213.65,0.0,0.0,0.0,29.75,0.35,94.35
Maxx Williams,ARI,TE,0.0,0.0,0.0,0.0,0.0,0.0,22.45,1.75,222.35,0.0,0.0,0.0
Mecole Hardman,KC,WR,1.5,0.0,0.0,0.0,0.0,0.0,35.9,5.85,603.15,6.05,0.1,25.65
Melvin Gordon,DEN,RB,1.7,0.0,0.0,0.0,0.0,0.0,45.15,1.8,369.3,182.95,7.5,736.55
Michael Burton,NO,RB,0.0,0.0,0.0,0.0,0.0,0.0,2.0,0.1,8.4,1.9,0.0,4.7
Michael Gallup,DAL,WR,0.75,0.0,0.0,0.0,0.0,0.0,62.4,6.05,1044.5,0.0,0.0,0.0
Michael Pittman,IND,WR,0.75,0.0,0.0,0.0,0.0,0.0,46.5,3.95,670.5,2.0,0.0,8.65
Michael Thomas,NO,WR,0.75,0.0,0.0,0.0,0.0,0.0,132.85,9.05,1576.1,0.15,0.0,-1.05
Michael Walke,JAC,WR,0.0,0.0,0.0,0.0,0.0,0.0,3.8,0.2,48.3,0.0,0.0,0.0
Mike Boone,MIN,RB,0.2,0.0,0.0,0.0,0.0,0.0,3.9,0.1,34.6,29.5,0.9,140.1
Mike Davis,CAR,RB,0.75,0.0,0.0,0.0,0.0,0.0,17.45,0.05,106.6,72.6,2.7,297.7
Mike Evans,TB,WR,0.75,0.0,0.0,0.0,0.0,0.0,69.95,7.2,1183.45,0.25,0.0,1.55
Mike Gesicki,MIA,TE,1.5,0.0,0.0,0.0,0.0,0.0,57.75,4.15,639.1,0.0,0.0,0.0
Mike Thomas,CIN,WR,0.0,0.0,0.0,0.0,0.0,0.0,1.7,0.2,21.7,0.0,0.0,0.0
Mike Williams,LAC,WR,0.0,0.0,0.0,0.0,0.0,0.0,42.15,4.7,724.4,4.2,0.75,18.5
Miles Boykin,BAL,WR,0.0,0.0,0.0,0.0,0.0,0.0,28.8,4.1,395.75,0.0,0.0,0.0
Miles Sanders,PHI,RB,2.55,0.0,0.0,0.0,0.0,0.0,54.9,2.7,528.1,220.9,5.0,993.0
Mitchell Trubisky,CHI,QB,0.85,436.9,282.45,10.6,17.2,2782.65,0.0,0.0,0.0,32.15,1.3,146.25
Mo Alie-Cox,IND,TE,0.0,0.0,0.0,0.0,0.0,0.0,18.45,2.2,262.35,0.0,0.0,0.0
MyCole Pruitt,TEN,TE,0.0,0.0,0.0,0.0,0.0,0.0,10.1,1.1,116.6,0.0,0.0,0.0
Myles Gaskin,MIA,RB,0.1,0.0,0.0,0.0,0.0,0.0,6.8,0.2,50.1,19.6,0.8,98.1
N'Keal Harry,NE,WR,0.75,0.0,0.0,0.0,0.0,0.0,46.3,5.25,576.6,8.45,0.05,61.4
Nathan Peterman,LV,QB,0.0,4.0,3.0,0.0,0.0,30.0,0.0,0.0,0.0,1.0,0.0,4.0
Nelson Agholo,LV,WR,0.75,0.0,0.0,0.0,0.0,0.0,39.2,2.2,440.6,2.2,0.0,22.15
Nick Boyle,BAL,TE,0.0,0.0,0.0,0.0,0.0,0.0,31.4,2.85,320.3,0.0,0.0,0.0
Nick Chubb,CLE,RB,2.55,0.0,0.0,0.0,0.0,0.0,20.45,1.05,161.75,268.5,8.95,1294.5
Nick Foles,CHI,QB,0.95,114.35,73.5,3.65,5.95,991.95,0.0,0.0,0.0,5.65,0.1,16.75
Nick Mullens,SF,QB,0.0,16.65,10.85,0.85,0.65,131.5,0.0,0.0,0.0,3.35,0.0,3.35
Nick Vannett,DEN,TE,0.0,0.0,0.0,0.0,0.0,0.0,18.4,1.1,175.3,0.0,0.0,0.0
Noah Brown,DAL,WR,0.0,0.0,0.0,0.0,0.0,0.0,7.4,0.6,96.5,0.0,0.0,0.0
Noah Fant,DEN,TE,0.75,0.0,0.0,0.0,0.0,0.0,51.8,4.75,714.2,0.0,0.0,0.0
Nsimba Webste,LAR,WR,0.0,0.0,0.0,0.0,0.0,0.0,2.8,0.2,42.5,0.0,0.0,0.0
Nyheim Hines,IND,RB,0.75,0.0,0.0,0.0,0.0,0.0,45.95,1.2,340.6,54.8,1.75,213.05
O.J. Howard,TB,TE,0.75,0.0,0.0,0.0,0.0,0.0,34.2,2.85,486.85,0.0,0.0,0.0
Odell Beckham,CLE,WR,0.75,0.0,0.0,0.0,0.0,0.0,75.35,6.2,1114.25,3.85,0.0,16.1
Olabisi Johnson,MIN,WR,0.0,0.0,0.0,0.0,0.0,0.0,26.4,2.4,305.0,0.7,0.0,4.5
Olamide Zaccheaus,ATL,WR,0.0,0.0,0.0,0.0,0.0,0.0,7.6,0.6,103.1,0.0,0.0,0.0
P.J. Walke,CAR,QB,0.0,18.0,12.0,0.0,1.0,125.0,0.0,0.0,0.0,1.0,0.0,4.0
Parris Campbell,IND,WR,0.75,0.0,0.0,0.0,0.0,0.0,37.65,2.9,432.05,5.35,0.05,41.2
Patrick Laird,MIA,RB,0.1,0.0,0.0,0.0,0.0,0.0,9.0,0.2,76.5,18.3,0.4,100.5
Patrick Mahomes,KC,QB,1.6,566.15,368.7,10.45,34.25,4561.5,0.0,0.0,0.0,59.8,3.4,338.0
Patrick Ricard,BAL,RB,0.0,0.0,0.0,0.0,0.0,0.0,6.4,0.3,44.9,1.0,0.0,2.5
Peyton Barbe,WAS,RB,0.85,0.0,0.0,0.0,0.0,0.0,8.4,0.1,50.4,71.55,1.9,266.3
Pharaoh Brown,CLE,TE,0.0,0.0,0.0,0.0,0.0,0.0,10.0,1.0,115.0,0.0,0.0,0.0
Pharoh Coope,CAR,WR,0.0,0.0,0.0,0.0,0.0,0.0,8.4,0.6,107.9,0.0,0.0,0.2
Philip Rivers,IND,QB,2.35,531.85,329.9,12.75,25.1,3748.1,0.0,0.0,0.0,17.2,0.1,32.05
Phillip Dorsett,SEA,WR,0.0,0.0,0.0,0.0,0.0,0.0,26.0,2.3,356.8,0.1,0.0,0.3
Phillip Lindsay,DEN,RB,1.5,0.0,0.0,0.0,0.0,0.0,38.3,0.9,256.55,150.55,4.65,668.75
Phillip Walke,CAR,QB,0.2,18.0,12.0,1.4,1.6,332.5,0.0,0.0,0.0,1.0,0.4,61.2
Preston Williams,MIA,WR,1.5,0.0,0.0,0.0,0.0,0.0,61.8,6.1,851.45,0.85,0.0,3.3
Qadree Ollison,ATL,RB,0.0,0.0,0.0,0.0,0.0,0.0,1.1,0.0,10.0,20.7,1.55,61.1
Quintez Cephus,DET,WR,0.0,0.0,0.0,0.0,0.0,0.0,2.9,0.2,33.0,0.0,0.0,0.0
Raheem Mostert,SF,RB,2.1,0.0,0.0,0.0,0.0,0.0,16.3,1.0,141.4,159.0,7.6,861.05
Randall Cobb,HOU,WR,0.75,0.0,0.0,0.0,0.0,0.0,48.65,2.95,621.6,2.65,0.05,13.4
Rashaad Penny,SEA,RB,1.0,0.0,0.0,0.0,0.0,0.0,7.25,0.15,65.8,57.85,1.7,275.4
Rashard Higgins,CLE,WR,0.5,0.0,0.0,0.0,0.0,0.0,20.3,2.15,298.45,0.0,0.0,0.0
Ray-Ray McCloud,PIT,WR,0.0,0.0,0.0,0.0,0.0,0.0,4.5,0.3,75.4,0.0,0.0,0.0
Reggie Gilliam,BUF,RB,0.0,0.0,0.0,0.0,0.0,0.0,1.2,0.1,7.6,0.0,0.1,7.3
Rex Burkhead,NE,RB,0.75,0.0,0.0,0.0,0.0,0.0,20.55,0.35,188.1,58.55,1.9,223.35
Richie James,SF,WR,0.0,0.0,0.0,0.0,0.0,0.0,15.8,1.4,197.2,0.0,0.0,0.0
Ricky Seals-Jones,KC,TE,0.0,0.0,0.0,0.0,0.0,0.0,10.7,1.65,140.15,0.0,0.0,0.0
Rico Dowdle,DAL,RB,0.0,0.0,0.0,0.0,0.0,0.0,4.0,0.0,42.0,32.0,1.0,145.0
Riley Ridley,CHI,WR,0.0,0.0,0.0,0.0,0.0,0.0,13.4,1.1,165.5,0.0,0.0,0.0
Rob Gronkowski,TB,TE,0.75,0.0,0.0,0.0,0.0,0.0,48.05,3.8,760.0,0.0,0.0,0.0
Robby Anderson,CAR,WR,0.75,0.0,0.0,0.0,0.0,0.0,51.4,4.6,743.6,1.5,0.0,-0.09999999999999998
Robert Foste,GB,WR,0.0,0.0,0.0,0.0,0.0,0.0,6.6,0.5,87.9,0.0,0.0,0.0
Robert Griffin,BAL,QB,0.0,12.7,8.0,0.7,0.7,96.3,0.0,0.0,0.0,3.3,0.0,15.0
Robert Tonyan,GB,TE,0.0,0.0,0.0,0.0,0.0,0.0,17.45,2.4,208.65,0.0,0.0,0.0
Robert Woods,LAR,WR,0.75,0.0,0.0,0.0,0.0,0.0,89.8,4.55,1132.8,16.95,0.9,100.5
Ronald Jones,TB,RB,1.75,0.0,0.0,0.0,0.0,0.0,25.7,0.4,224.55,154.5,5.4,651.1
Ross Dwelley,SF,TE,0.0,0.0,0.0,0.0,0.0,0.0,5.1,0.6,48.65,0.0,0.0,0.0
Royce Freeman,DEN,RB,0.8,0.0,0.0,0.0,0.0,0.0,19.95,0.75,124.1,39.95,1.0,152.6
Russell Gage,ATL,WR,0.0,0.0,0.0,0.0,0.0,0.0,38.5,2.6,445.3,3.3,0.1,22.4
Russell Wilson,SEA,QB,1.8,489.6,325.0,8.7,29.3,3961.05,0.0,0.0,0.0,72.05,2.2,370.35
Ryan Finley,CIN,QB,0.0,20.15,12.0,0.65,0.85,132.85,0.0,0.0,0.0,3.35,0.0,12.65
Ryan Fitzpatrick,MIA,QB,0.85,256.85,160.95,8.3,10.3,1735.9,0.0,0.0,0.0,25.5,1.6,120.3
Ryan Griffin,NYJ,TE,0.0,0.0,0.0,0.0,0.0,0.0,29.9,2.4,314.6,0.0,0.0,0.0
Ryan Izzo,NE,TE,0.0,0.0,0.0,0.0,0.0,0.0,9.35,1.0,121.65,0.0,0.0,0.0
Ryan Nall,CHI,RB,0.2,0.0,0.0,0.0,0.0,0.0,6.9,0.3,57.0,42.8,0.9,172.9
Ryan Tannehill,TEN,QB,3.4,429.55,283.4,11.25,24.3,3562.4,0.0,0.0,0.0,61.2,2.75,257.95
Ryquell Armstead,JAC,RB,1.0,0.0,0.0,0.0,0.0,0.0,12.45,1.55,121.55,93.2,1.85,323.75
Sam Darnold,NYJ,QB,2.6,517.0,326.5,18.8,22.45,3628.1,0.0,0.0,0.0,42.95,1.8,124.75
Samaje Perine,CIN,RB,0.0,0.0,0.0,0.0,0.0,0.0,0.6,0.0,5.2,3.9,0.1,14.5
Sammy Watkins,KC,WR,0.75,0.0,0.0,0.0,0.0,0.0,60.25,4.25,809.8,3.45,0.0,28.75
Saquon Barkley,NYG,RB,2.25,0.0,0.0,0.0,0.0,0.0,72.65,2.85,583.7,270.65,9.5,1237.55
Scott Mille,TB,WR,0.0,0.0,0.0,0.0,0.0,0.0,21.2,1.2,254.0,1.2,0.1,8.1
Sean Mannion,MIN,QB,0.0,18.0,10.85,0.15,0.15,131.35,0.0,0.0,0.0,3.35,0.0,3.0
Seth Roberts,CAR,WR,0.0,0.0,0.0,0.0,0.0,0.0,8.7,0.5,111.5,0.0,0.0,0.0
Sony Michel,NE,RB,1.7,0.0,0.0,0.0,0.0,0.0,9.6,0.15,69.5,165.6,4.85,667.0
Stanley Morgan,CIN,WR,0.0,0.0,0.0,0.0,0.0,0.0,1.7,0.2,21.3,0.0,0.0,0.0
Stefon Diggs,BUF,WR,0.75,0.0,0.0,0.0,0.0,0.0,68.65,6.55,990.8,9.3,0.05,79.0
Stephen Anderson,LAC,TE,0.0,0.0,0.0,0.0,0.0,0.0,3.5,0.3,33.8,0.0,0.0,0.0
Stephen Carlson,CLE,TE,0.0,0.0,0.0,0.0,0.0,0.0,7.05,0.65,76.6,0.0,0.0,0.0
Sterling Shepard,NYG,WR,0.75,0.0,0.0,0.0,0.0,0.0,72.75,4.35,846.6,4.65,0.0,43.25
Steven Sims,WAS,WR,0.75,0.0,0.0,0.0,0.0,0.0,50.95,5.2,535.6,10.0,0.75,81.45
T.J. Hockenson,DET,TE,0.75,0.0,0.0,0.0,0.0,0.0,53.7,3.2,619.15,0.0,0.0,0.0
T.J. Yeldon,BUF,RB,0.4,0.0,0.0,0.0,0.0,0.0,12.0,0.4,101.1,12.9,0.2,75.5
T.Y. Hilton,IND,WR,0.75,0.0,0.0,0.0,0.0,0.0,71.2,6.4,1073.75,0.0,0.0,0.0
Taiwan Jones,BUF,RB,0.0,0.0,0.0,0.0,0.0,0.0,3.0,0.2,33.0,0.6,0.0,3.1
Tajae Sharpe,MIN,WR,0.0,0.0,0.0,0.0,0.0,0.0,12.8,0.9,170.2,0.0,0.0,0.0
Tanner Hudson,TB,TE,0.0,0.0,0.0,0.0,0.0,0.0,6.2,0.6,72.3,0.0,0.0,0.0
Tarik Cohen,CHI,RB,1.7,0.0,0.0,0.0,0.0,0.0,71.05,3.35,540.35,97.9,2.0,352.4
Taysom Hill,NO,QB,0.06666666666666667,11.25,6.25,0.05,0.7,66.5,21.0,2.1,216.8,5.666666666666667,0.6666666666666666,57.199999999999996
Ted Ginn,CHI,WR,0.0,0.0,0.0,0.0,0.0,0.0,18.4,1.4,250.9,3.3,0.2,21.1
Teddy Bridgewate,CAR,QB,0.25,582.65,370.9,13.8,22.65,4011.65,0.0,0.0,0.0,21.1,0.45,61.0
Tee Higgins,CIN,WR,0.0,0.0,0.0,0.0,0.0,0.0,36.2,2.8,478.2,0.0,0.0,0.0
Terry McLaurin,WAS,WR,0.75,0.0,0.0,0.0,0.0,0.0,70.55,6.7,1056.55,0.0,0.0,0.0
Tevin Coleman,SF,RB,1.5,0.0,0.0,0.0,0.0,0.0,13.5,0.95,113.35,157.75,4.85,680.25
Tim Patrick,DEN,WR,0.0,0.0,0.0,0.0,0.0,0.0,16.7,1.2,207.8,0.1,0.0,0.4
Todd Gurley,ATL,RB,1.7,0.0,0.0,0.0,0.0,0.0,44.1,2.55,333.15,198.95,7.4,811.2
Tom Brady,TB,QB,0.95,556.25,348.35,11.75,28.8,4408.3,0.0,0.0,0.0,24.15,1.65,37.9
Tommy Sweeney,BUF,TE,0.0,0.0,0.0,0.0,0.0,0.0,6.0,0.6,73.5,0.0,0.0,0.0
Tony Pollard,DAL,RB,1.75,0.0,0.0,0.0,0.0,0.0,26.65,1.7,192.4,105.15,2.9,495.2
Travis Home,SEA,RB,0.1,0.0,0.0,0.0,0.0,0.0,7.4,0.2,62.9,14.4,0.5,54.5
Travis Kelce,KC,TE,0.75,0.0,0.0,0.0,0.0,0.0,97.65,7.35,1170.7,0.0,0.0,0.0
Trayveon Williams,CIN,RB,0.0,0.0,0.0,0.0,0.0,0.0,3.1,0.1,24.6,25.0,0.1,64.3
Tre'Quan Smith,NO,WR,0.0,0.0,0.0,0.0,0.0,0.0,27.2,4.65,380.9,0.65,0.0,2.0
Trent Sherfield,ARI,WR,0.0,0.0,0.0,0.0,0.0,0.0,4.9,0.4,69.1,0.0,0.0,0.0
Trent Taylo,SF,WR,0.0,0.0,0.0,0.0,0.0,0.0,16.7,0.9,197.0,0.0,0.0,0.0
Trenton Cannon,CAR,RB,0.1,0.0,0.0,0.0,0.0,0.0,4.4,0.2,33.4,1.2,0.2,36.6
Trevon Wesco,NYJ,TE,0.0,0.0,0.0,0.0,0.0,0.0,7.25,0.25,82.15,0.0,0.0,0.0
Trey Burton,IND,TE,0.0,0.0,0.0,0.0,0.0,0.0,22.6,2.1,230.55,0.0,0.0,0.0
Trey Quinn,JAC,WR,0.0,0.0,0.0,0.0,0.0,0.0,12.0,0.0,135.0,0.0,0.0,0.0
Tua Tagovailoa,MIA,QB,2.45,353.65,224.3,11.9,15.15,2564.55,0.0,0.0,0.0,19.75,1.1,97.9
Ty Johnson,DET,RB,0.0,0.0,0.0,0.0,0.0,0.0,2.1,0.1,15.7,2.0,0.2,31.3
Ty Montgomery,NO,RB,0.0,0.0,0.0,0.0,0.0,0.0,9.05,0.15,69.8,17.65,0.8,81.7
Tyler Boyd,CIN,WR,0.75,0.0,0.0,0.0,0.0,0.0,77.6,5.65,973.85,2.35,0.0,10.9
Tyler Conklin,MIN,TE,0.0,0.0,0.0,0.0,0.0,0.0,6.65,0.65,75.3,0.0,0.0,0.0
Tyler Davis,JAC,TE,0.0,0.0,0.0,0.0,0.0,0.0,11.0,1.0,106.0,0.0,0.0,0.0
Tyler Eifert,JAC,TE,0.0,0.0,0.0,0.0,0.0,0.0,43.9,2.9,478.8,0.0,0.0,0.0
Tyler Ervin,GB,RB,0.0,0.0,0.0,0.0,0.0,0.0,7.5,0.1,50.6,7.6,0.0,25.3
Tyler Higbee,LAR,TE,0.75,0.0,0.0,0.0,0.0,0.0,67.1,4.25,771.8,0.0,0.0,0.0
Tyler Johnson,TB,WR,0.0,0.0,0.0,0.0,0.0,0.0,10.1,0.6,132.2,1.0,0.1,6.7
Tyler Kroft,BUF,TE,0.0,0.0,0.0,0.0,0.0,0.0,19.4,1.85,206.65,0.0,0.0,0.0
Tyler Lockett,SEA,WR,0.75,0.0,0.0,0.0,0.0,0.0,74.6,7.7,1095.7,6.7,0.05,28.35
Tyreek Hill,KC,WR,0.75,0.0,0.0,0.0,0.0,0.0,84.1,8.7,1232.0,13.9,0.7,86.1
Tyrod Taylo,LAC,QB,1.55,467.5,298.1,13.5,20.0,3366.3,0.0,0.0,0.0,54.35,1.65,251.8
Van Jefferson,LAR,WR,0.75,0.0,0.0,0.0,0.0,0.0,34.75,2.0,504.2,1.35,0.0,6.65
Vance McDonald,PIT,TE,0.5,0.0,0.0,0.0,0.0,0.0,38.8,2.65,377.05,0.0,0.0,0.0
Ventell Bryant,DAL,WR,0.0,0.0,0.0,0.0,0.0,0.0,1.0,0.1,13.9,0.0,0.0,0.0
Virgil Green,LAC,TE,1.0,0.0,0.0,0.0,0.0,0.0,13.75,1.45,144.0,0.0,0.0,0.0
Vyncint Smith,NYJ,WR,0.0,0.0,0.0,0.0,0.0,0.0,9.7,0.8,116.9,0.0,0.0,0.0
Wayne Gallman,NYG,RB,0.0,0.0,0.0,0.0,0.0,0.0,3.5,0.05,26.35,20.7,0.7,64.05
Will Dissly,SEA,TE,0.0,0.0,0.0,0.0,0.0,0.0,25.0,3.25,316.85,0.0,0.0,0.0
Will Fulle,HOU,WR,0.75,0.0,0.0,0.0,0.0,0.0,66.4,5.1,934.05,1.35,0.05,9.0
Will Grie,CAR,QB,0.0,25.5,15.5,0.5,1.0,177.0,0.0,0.0,0.0,0.5,0.0,3.0
Willie Snead,BAL,WR,0.75,0.0,0.0,0.0,0.0,0.0,37.15,3.3,425.85,1.35,0.0,6.0
Xavier Grimble,IND,TE,0.0,0.0,0.0,0.0,0.0,0.0,3.7,0.3,41.3,0.0,0.0,0.0
Xavier Jones,LAR,RB,0.0,0.0,0.0,0.0,0.0,0.0,1.5,0.1,10.8,0.0,0.2,28.5
Zach Ertz,PHI,TE,0.75,0.0,0.0,0.0,0.0,0.0,88.35,6.3,930.0,0.0,0.0,0.0
Zach Gentry,PIT,TE,0.0,0.0,0.0,0.0,0.0,0.0,6.5,0.6,60.45,0.0,0.0,0.0
Zach Pascal,IND,WR,0.0,0.0,0.0,0.0,0.0,0.0,28.15,2.55,381.95,2.0,0.0,16.0
Zack Moss,BUF,RB,2.4,0.0,0.0,0.0,0.0,0.0,18.4,0.85,160.0,169.8,4.55,770.1
Zay Jones,LV,WR,0.0,0.0,0.0,0.0,0.0,0.0,12.8,0.9,138.6,0.0,0.0,0.3
